trimestre,phase,niveau,momentum,ecart_potentiel,pib_yoy,spx_rdt12m,sahm,provisoire
1950T2,Explosion,1,1,1.489,7.303,26.24,,False
1950T3,Explosion,1,1,3.396,10.31,20.49,,False
1950T4,Explosion,1,1,3.479,13.372,22.52,,False
1951T1,Ralentissement,1,0,3.142,10.565,26.05,,False
1951T2,Ralentissement,1,0,3.225,9.15,18.93,,False
1951T3,Ralentissement,1,0,3.576,7.253,24.48,,False
1951T4,Ralentissement,1,0,2.208,5.468,16.87,,False
1952T1,Ralentissement,1,0,1.666,5.165,10.69,,False
1952T2,Ralentissement,1,0,0.192,3.596,9.88,,False
1952T3,Ralentissement,1,0,-0.65,2.237,9.97,,False
1952T4,Explosion,1,1,0.762,5.364,8.43,,False
1953T1,Explosion,1,1,1.064,6.19,8.76,,False
1953T2,Explosion,1,1,0.542,6.782,2.33,,False
1953T3,Decrochage,0,0,-0.874,5.421,-4.13,,False
1953T4,Decrochage,0,0,-2.911,0.524,-2.65,,False
1954T1,Decrochage,0,0,-3.744,-1.782,0.03,,False
1954T2,Decrochage,0,0,-3.83,-2.429,16.13,,False
1954T3,Reprise,0,1,-2.846,-0.768,28.4,,False
1954T4,Reprise,0,1,-1.268,2.729,37.19,,False
1955T1,Explosion,1,1,0.997,6.17,39.53,,False
1955T2,Explosion,1,1,1.837,7.78,34.97,,False
1955T3,Explosion,1,1,2.317,8.016,40.25,,False
1955T4,Ralentissement,1,0,2.208,6.579,31.67,,False
1956T1,Ralentissement,1,0,1.26,3.217,24.96,,False
1956T2,Ralentissement,1,0,1.504,2.403,22.45,,False
1956T3,Ralentissement,1,0,0.751,0.948,11.4,,False
1956T4,Ralentissement,1,0,1.417,1.997,4.66,,False
1957T1,Ralentissement,1,0,0.948,3.05,-2.18,,False
1957T2,Decrochage,0,0,-0.387,1.981,-0.99,,False
1957T3,Decrochage,0,0,-0.53,3.073,-4.04,,False
1957T4,Decrochage,0,0,-2.451,0.355,-11.93,,False
1958T1,Decrochage,0,0,-5.484,-2.872,-6.31,,False
1958T2,Reprise,0,1,-5.154,-2.02,-6.16,,False
1958T3,Reprise,0,1,-3.256,-0.726,3.39,,False
1958T4,Reprise,0,1,-1.495,2.657,28.76,,False
1959T1,Reprise,0,1,-0.322,7.415,33.79,,False
1959T2,Reprise,0,1,1.058,9.119,31.96,,False
1959T3,Reprise,0,1,0.25,6.726,23.66,,False
1959T4,Reprise,0,1,-0.208,4.585,10.43,,False
1960T1,Reprise,0,1,1.148,4.924,1.38,,False
1960T2,Decrochage,0,0,-0.191,2.059,-2.49,,False
1960T3,Decrochage,0,0,-0.435,2.488,-5.11,,False
1960T4,Decrochage,0,0,-2.399,0.885,-4.21,,False
1961T1,Decrochage,0,0,-2.658,-0.668,10.3,,False
1961T2,Reprise,0,1,-1.944,1.566,17.72,,False
1961T3,Reprise,0,1,-0.994,3.012,19.96,,False
1961T4,Explosion,1,1,0.035,6.397,27.0,,False
1962T1,Explosion,1,1,0.876,7.569,12.74,,False
1962T2,Ralentissement,1,0,0.929,6.73,-5.71,,False
1962T3,Ralentissement,1,0,1.17,6.007,-13.46,,False
1962T4,Ralentissement,1,0,0.491,4.31,-15.2,,False
1963T1,Ralentissement,1,0,0.656,3.601,-6.17,,False
1963T2,Explosion,1,1,0.708,3.825,12.81,,False
1963T3,Explosion,1,1,1.68,4.819,22.71,,False
1963T4,Explosion,1,1,0.971,5.16,23.13,,False
1964T1,Explosion,1,1,1.598,6.217,18.3,,False
1964T2,Explosion,1,1,1.273,6.182,15.26,,False
1964T3,Explosion,1,1,1.455,5.521,16.84,,False
1964T4,Explosion,1,1,0.55,5.158,15.68,,False
1965T1,Explosion,1,1,1.67,5.478,11.64,,False
1965T2,Explosion,1,1,1.664,5.66,8.88,,False
1965T3,Explosion,1,1,2.501,6.347,4.89,,False
1965T4,Explosion,1,1,3.263,8.462,8.27,,False
1966T1,Explosion,1,1,4.038,8.477,5.86,,False
1966T2,Ralentissement,1,0,2.812,7.489,0.84,,False
1966T3,Ralentissement,1,0,2.191,6.042,-6.2,,False
1966T4,Ralentissement,1,0,1.539,4.504,-13.02,,False
1967T1,Ralentissement,1,0,1.038,2.925,-4.88,,False
1967T2,Ralentissement,1,0,-0.202,2.638,4.08,,False
1967T3,Reprise,0,1,-0.509,2.739,16.22,,False
1967T4,Reprise,0,1,-1.051,2.671,18.54,,False
1968T1,Reprise,0,1,-0.284,3.845,5.35,,False
1968T2,Decrochage,0,0,0.106,5.515,6.93,,False
1968T3,Decrochage,0,0,-0.277,5.335,5.8,,False
1968T4,Decrochage,0,0,-0.881,4.958,11.34,,False
1969T1,Decrochage,0,0,-0.218,4.469,10.21,,False
1969T2,Decrochage,0,0,-0.764,3.065,3.8,,False
1969T3,Decrochage,0,0,-0.902,2.948,-5.43,,False
1969T4,Decrochage,0,0,-2.055,2.044,-10.38,,False
1970T1,Decrochage,0,0,-2.765,0.323,-12.1,,False
1970T2,Decrochage,0,0,-3.171,0.161,-22.06,,False
1970T3,Decrochage,0,0,-2.789,0.421,-16.65,,False
1970T4,Decrochage,0,0,-4.246,-0.167,-8.41,,False
1971T1,Reprise,0,1,-2.014,2.697,9.1,1.533,False
1971T2,Reprise,0,1,-1.853,3.106,28.45,1.0,False
1971T3,Reprise,0,1,-1.44,3.005,25.3,0.7,False
1971T4,Reprise,0,1,-1.623,4.366,11.84,0.033,False
1972T1,Reprise,0,1,-0.269,3.473,8.99,0.0,False
1972T2,Explosion,1,1,1.324,5.251,6.65,0.0,False
1972T3,Explosion,1,1,1.567,5.378,10.83,0.0,False
1972T4,Explosion,1,1,2.329,6.892,18.4,0.0,False
1973T1,Explosion,1,1,3.641,7.561,9.18,0.0,False
1973T2,Ralentissement,1,0,3.486,6.32,-0.68,0.0,False
1973T3,Ralentissement,1,0,1.839,4.771,-3.76,0.0,False
1973T4,Ralentissement,1,0,1.49,4.024,-10.18,0.033,False
1974T1,Decrochage,0,0,-0.372,0.639,-16.77,0.4,False
1974T2,Decrochage,0,0,-1.102,-0.208,-15.62,0.467,False
1974T3,Decrochage,0,0,-2.849,-0.629,-29.09,0.9,False
1974T4,Decrochage,0,0,-3.962,-1.946,-31.89,1.667,False
1975T1,Decrochage,0,0,-5.627,-2.3,-17.6,3.167,False
1975T2,Reprise,0,1,-5.206,-1.835,-1.66,3.533,False
1975T3,Reprise,0,1,-3.85,0.799,17.88,2.667,False
1975T4,Reprise,0,1,-2.823,2.555,28.45,1.0,False
1976T1,Reprise,0,1,-0.884,6.154,26.59,0.0,False
1976T2,Reprise,0,1,-0.421,6.174,14.26,0.0,False
1976T3,Reprise,0,1,-0.254,4.958,19.26,0.167,False
1976T4,Ralentissement,1,0,0.095,4.312,15.15,0.2,False
1977T1,Ralentissement,1,0,0.705,3.227,2.36,0.0,False
1977T2,Explosion,1,1,1.901,4.465,-2.56,0.0,False
1977T3,Explosion,1,1,2.724,5.77,-6.0,0.0,False
1977T4,Explosion,1,1,1.713,5.013,-8.41,0.0,False
1978T1,Explosion,1,1,0.88,4.114,-12.22,0.0,False
1978T2,Explosion,1,1,3.259,6.078,-3.14,0.0,False
1978T3,Explosion,1,1,2.896,5.247,3.75,0.033,False
1978T4,Explosion,1,1,2.868,6.66,3.41,0.0,False
1979T1,Ralentissement,1,0,1.848,6.51,11.19,0.0,False
1979T2,Ralentissement,1,0,0.857,2.657,5.55,0.0,False
1979T3,Ralentissement,1,0,0.542,2.389,4.52,0.2,False
1979T4,Decrochage,0,0,-0.163,1.284,8.51,0.3,False
1980T1,Decrochage,0,0,-0.663,1.421,11.07,0.633,False
1980T2,Decrochage,0,0,-3.165,-0.775,7.19,1.667,False
1980T3,Decrochage,0,0,-3.484,-1.624,16.04,1.733,False
1980T4,Reprise,0,1,-2.038,-0.039,26.43,1.333,False
1981T1,Reprise,0,1,-0.711,1.6,19.5,0.933,False
1981T2,Reprise,0,1,-1.75,2.969,22.74,0.067,False
1981T3,Reprise,0,1,-0.923,4.326,2.07,0.067,False
1981T4,Decrochage,0,0,-2.231,1.3,-8.23,0.9,False
1982T1,Decrochage,0,0,-3.907,-2.191,-13.15,1.5,False
1982T2,Decrochage,0,0,-3.616,-1.011,-14.06,2.067,False
1982T3,Decrochage,0,0,-4.088,-2.556,-9.05,2.267,False
1982T4,Reprise,0,1,-4.132,-1.443,11.91,2.2,False
1983T1,Reprise,0,1,-2.977,1.431,29.44,1.3,False
1983T2,Reprise,0,1,-1.238,3.268,42.75,0.533,False
1983T3,Explosion,1,1,0.062,5.737,45.76,0.0,False
1983T4,Explosion,1,1,1.426,7.9,21.31,0.0,False
1984T1,Explosion,1,1,2.655,8.578,8.7,0.0,False
1984T2,Ralentissement,1,0,3.45,7.997,-4.21,0.0,False
1984T3,Ralentissement,1,0,3.513,6.901,-2.98,0.067,False
1984T4,Ralentissement,1,0,3.279,5.576,-0.33,0.0,False
1985T1,Ralentissement,1,0,2.993,4.555,10.7,0.0,False
1985T2,Ralentissement,1,0,2.596,3.684,18.68,0.067,False
1985T3,Ralentissement,1,0,2.695,4.262,17.59,0.0,False
1985T4,Ralentissement,1,0,1.976,4.182,19.25,0.0,False
1986T1,Ralentissement,1,0,1.495,4.146,24.03,0.133,False
1986T2,Ralentissement,1,0,0.7,3.702,30.21,0.267,False
1986T3,Ralentissement,1,0,0.506,3.119,28.11,0.067,False
1986T4,Ralentissement,1,0,0.032,2.907,23.84,0.0,False
1987T1,Ralentissement,1,0,-0.13,2.712,27.0,0.0,False
1987T2,Explosion,1,1,0.106,3.354,21.88,0.0,False
1987T3,Explosion,1,1,0.151,3.262,32.43,0.0,False
1987T4,Explosion,1,1,0.959,4.475,4.98,0.0,False
1988T1,Explosion,1,1,0.622,4.241,-7.52,0.0,False
1988T2,Explosion,1,1,1.04,4.484,-10.28,0.0,False
1988T3,Ralentissement,1,0,0.816,4.193,-16.36,0.0,False
1988T4,Ralentissement,1,0,1.28,3.799,8.11,0.0,False
1989T1,Ralentissement,1,0,1.422,4.315,12.67,0.0,False
1989T2,Ralentissement,1,0,1.287,3.748,19.09,0.1,False
1989T3,Ralentissement,1,0,1.144,3.908,28.12,0.1,False
1989T4,Ralentissement,1,0,0.485,2.743,25.62,0.233,False
1990T1,Ralentissement,1,0,0.684,2.821,15.72,0.167,False
1990T2,Ralentissement,1,0,0.218,2.413,11.59,0.1,False
1990T3,Decrochage,0,0,-0.472,1.727,-1.76,0.433,False
1990T4,Decrochage,0,0,-1.92,0.603,-8.2,0.833,False
1991T1,Decrochage,0,0,-2.839,-0.95,5.12,1.3,False
1991T2,Reprise,0,1,-2.466,-0.539,8.39,1.467,False
1991T3,Reprise,0,1,-2.364,-0.103,15.37,1.033,False
1991T4,Reprise,0,1,-2.351,1.166,22.18,0.8,False
1992T1,Reprise,0,1,-1.523,2.859,17.05,0.667,False
1992T2,Reprise,0,1,-0.845,3.17,8.32,0.733,False
1992T3,Reprise,0,1,-0.297,3.665,8.19,0.7,False
1992T4,Reprise,0,1,0.224,4.383,9.44,0.167,False
1993T1,Reprise,0,1,-0.064,3.32,7.39,0.0,False
1993T2,Reprise,0,1,0.037,2.807,8.61,0.0,False
1993T3,Reprise,0,1,-0.003,2.287,8.72,0.0,False
1993T4,Explosion,1,1,0.64,2.608,9.63,0.0,False
1994T1,Explosion,1,1,0.776,3.431,6.16,0.0,False
1994T2,Explosion,1,1,1.251,4.226,1.24,0.0,False
1994T3,Explosion,1,1,0.958,4.337,1.61,0.0,False
1994T4,Ralentissement,1,0,1.156,4.116,-0.91,0.0,False
1995T1,Ralentissement,1,0,0.641,3.481,2.29,0.0,False
1995T2,Ralentissement,1,0,0.138,2.402,16.11,0.2,False
1995T3,Ralentissement,1,0,0.199,2.673,22.62,0.2,False
1995T4,Ralentissement,1,0,0.113,2.2,29.96,0.1,False
1996T1,Explosion,1,1,0.044,2.601,32.69,0.0,False
1996T2,Explosion,1,1,0.764,4.002,25.87,0.0,False
1996T3,Explosion,1,1,0.654,4.05,16.9,0.0,False
1996T4,Explosion,1,1,0.684,4.421,21.6,0.167,False
1997T1,Explosion,1,1,0.331,4.314,23.35,0.067,False
1997T2,Explosion,1,1,0.952,4.311,25.04,0.0,False
1997T3,Explosion,1,1,1.099,4.675,40.81,0.0,False
1997T4,Explosion,1,1,0.881,4.484,30.9,0.0,False
1998T1,Explosion,1,1,0.764,4.856,29.96,0.0,False
1998T2,Explosion,1,1,0.524,4.093,35.04,0.0,False
1998T3,Explosion,1,1,0.598,4.103,16.61,0.167,False
1998T4,Explosion,1,1,0.956,4.883,18.03,0.067,False
1999T1,Explosion,1,1,0.651,4.816,23.47,0.0,False
1999T2,Explosion,1,1,0.335,4.722,19.84,0.033,False
1999T3,Explosion,1,1,0.492,4.791,24.03,0.0,False
1999T4,Explosion,1,1,0.923,4.824,22.5,0.0,False
2000T1,Explosion,1,1,0.127,4.225,12.7,0.0,False
2000T2,Explosion,1,1,0.801,5.244,8.84,0.0,False
2000T3,Decrochage,0,0,-0.088,3.973,9.98,0.067,False
2000T4,Decrochage,0,0,-0.418,2.906,-0.28,0.0,False
2001T1,Decrochage,0,0,-1.522,2.198,-10.02,0.333,False
2001T2,Decrochage,0,0,-1.609,0.996,-14.76,0.5,False
2001T3,Decrochage,0,0,-2.544,0.489,-22.58,0.933,False
2001T4,Decrochage,0,0,-2.667,0.167,-18.18,1.5,False
2002T1,Reprise,0,1,-2.209,1.337,-11.01,1.4,False
2002T2,Reprise,0,1,-1.957,1.325,-13.24,1.367,False
2002T3,Reprise,0,1,-1.851,2.147,-21.49,0.667,False
2002T4,Reprise,0,1,-1.928,1.993,-20.51,0.233,False
2003T1,Reprise,0,1,-1.656,1.679,-24.0,0.167,False
2003T2,Reprise,0,1,-0.994,1.955,-11.93,0.433,False
2003T3,Explosion,1,1,0.271,3.231,11.92,0.433,False
2003T4,Explosion,1,1,0.954,4.3,19.03,0.0,False
2004T1,Explosion,1,1,0.935,4.342,31.93,0.033,False
2004T2,Ralentissement,1,0,1.087,4.227,19.94,0.0,False
2004T3,Ralentissement,1,0,1.278,3.495,10.37,0.0,False
2004T4,Ralentissement,1,0,1.466,3.351,9.96,0.0,False
2005T1,Ralentissement,1,0,1.73,3.909,5.18,0.0,False
2005T2,Ralentissement,1,0,1.409,3.618,5.24,0.0,False
2005T3,Ralentissement,1,0,1.357,3.449,10.88,0.0,False
2005T4,Ralentissement,1,0,1.056,2.973,5.93,0.0,False
2006T1,Ralentissement,1,0,1.485,3.213,7.64,0.0,False
2006T2,Ralentissement,1,0,0.904,2.973,8.52,0.0,False
2006T3,Ralentissement,1,0,0.363,2.325,5.25,0.0,False
2006T4,Ralentissement,1,0,0.571,2.635,12.95,0.0,False
2007T1,Ralentissement,1,0,0.238,1.577,11.1,0.067,False
2007T2,Ralentissement,1,0,0.218,1.934,16.79,0.067,False
2007T3,Ralentissement,1,0,0.182,2.368,15.76,0.233,False
2007T4,Ralentissement,1,0,0.229,2.133,7.58,0.367,False
2008T1,Decrochage,0,0,-0.657,1.392,-5.27,0.567,False
2008T2,Decrochage,0,0,-0.519,1.376,-8.31,0.767,False
2008T3,Decrochage,0,0,-1.378,0.266,-15.98,1.333,False
2008T4,Decrochage,0,0,-3.677,-2.541,-39.14,1.967,False
2009T1,Decrochage,0,0,-4.676,-3.234,-40.1,3.267,False
2009T2,Decrochage,0,0,-4.665,-3.979,-34.92,3.7,False
2009T3,Reprise,0,1,-4.133,-3.133,-20.31,3.4,False
2009T4,Reprise,0,1,-2.901,0.106,19.98,2.633,False
2010T1,Reprise,0,1,-2.297,1.745,39.08,1.167,False
2010T2,Reprise,0,1,-1.267,2.914,27.61,0.167,False
2010T3,Reprise,0,1,-0.481,3.344,10.16,0.033,False
2010T4,Reprise,0,1,0.043,2.776,10.58,0.067,False
2011T1,Reprise,0,1,-0.236,2.038,16.23,0.0,False
2011T2,Ralentissement,1,0,0.373,1.744,16.33,0.033,False
2011T3,Ralentissement,1,0,0.228,0.943,12.12,0.0,False
2011T4,Explosion,1,1,0.931,1.543,1.83,0.0,False
2012T1,Explosion,1,1,1.177,2.638,3.42,0.0,False
2012T2,Explosion,1,1,0.978,2.403,2.39,0.0,False
2012T3,Explosion,1,1,0.498,2.574,14.66,0.0,False
2012T4,Explosion,1,1,0.075,1.552,15.73,0.033,False
2013T1,Explosion,1,1,0.476,1.701,12.42,0.0,False
2013T2,Explosion,1,1,0.226,1.52,19.29,0.0,False
2013T3,Explosion,1,1,0.557,2.237,19.53,0.0,False
2013T4,Explosion,1,1,0.881,3.009,24.88,0.0,False
2014T1,Explosion,1,1,-0.001,1.651,21.14,0.0,False
2014T2,Explosion,1,1,0.7,2.689,18.07,0.0,False
2014T3,Explosion,1,1,1.22,3.06,17.94,0.0,False
2014T4,Explosion,1,1,1.088,2.686,13.63,0.0,False
2015T1,Explosion,1,1,1.343,3.969,12.5,0.0,False
2015T2,Ralentissement,1,0,1.307,3.279,10.65,0.0,False
2015T3,Ralentissement,1,0,1.036,2.447,2.56,0.0,False
2015T4,Ralentissement,1,0,0.547,2.12,2.09,0.0,False
2016T1,Ralentissement,1,0,0.488,1.795,-5.58,0.0,False
2016T2,Ralentissement,1,0,0.175,1.493,-1.28,0.033,False
2016T3,Explosion,1,1,0.27,1.806,6.67,0.067,False
2016T4,Explosion,1,1,0.245,2.182,6.42,0.0,False
2017T1,Explosion,1,1,0.088,2.087,19.33,0.0,False
2017T2,Explosion,1,1,0.068,2.33,15.48,0.0,False
2017T3,Explosion,1,1,0.311,2.411,14.29,0.0,False
2017T4,Explosion,1,1,0.835,2.994,19.24,0.0,False
2018T1,Explosion,1,1,1.051,3.329,17.64,0.0,False
2018T2,Ralentissement,1,0,0.987,3.299,12.81,0.0,False
2018T3,Ralentissement,1,0,0.995,3.13,15.53,0.0,False
2018T4,Ralentissement,1,0,0.522,2.125,3.43,0.067,False
2019T1,Ralentissement,1,0,0.518,1.934,-0.32,0.1,False
2019T2,Ralentissement,1,0,0.683,2.242,6.68,0.0,False
2019T3,Ralentissement,1,0,1.146,2.797,3.81,0.0,False
2019T4,Ralentissement,1,0,1.131,3.352,14.88,0.033,False
2020T1,Decrochage,0,0,-0.724,1.359,13.1,0.267,False
2020T2,Decrochage,0,0,-8.713,-7.399,1.6,9.433,False
2020T3,Reprise,0,1,-1.556,-1.365,12.32,5.233,False
2020T4,Reprise,0,1,-0.756,-0.922,15.15,3.167,False
2021T1,Explosion,1,1,0.235,1.801,27.22,0.0,False
2021T2,Explosion,1,1,1.408,12.386,43.07,0.0,False
2021T3,Ralentissement,1,0,1.666,5.151,33.15,0.0,False
2021T4,Ralentissement,1,0,2.653,5.756,29.5,0.0,False
2022T1,Ralentissement,1,0,1.736,4.035,15.69,0.0,False
2022T2,Ralentissement,1,0,1.27,2.454,-1.68,0.0,False
2022T3,Ralentissement,1,0,1.392,2.349,-10.13,0.0,False
2022T4,Ralentissement,1,0,1.475,1.317,-16.28,0.033,False
2023T1,Explosion,1,1,1.418,2.311,-10.35,0.0,False
2023T2,Explosion,1,1,0.534,2.793,2.64,0.067,False
2023T3,Explosion,1,1,0.714,3.233,13.24,0.2,False
2023T4,Explosion,1,1,0.629,3.391,16.06,0.233,False
2024T1,Ralentissement,1,0,0.031,2.863,24.82,0.3,False
2024T2,Ralentissement,1,0,0.193,3.127,24.98,0.333,False
2024T3,Ralentissement,1,0,0.318,2.791,23.41,,False
2024T4,Ralentissement,1,0,0.207,2.4,32.31,,False
2025T1,Decrochage,0,0,-0.519,2.019,18.29,,False
2025T2,Decrochage,0,0,-0.165,2.08,9.13,,False
2025T3,Decrochage,0,0,0.295,2.335,15.94,,False
2025T4,Decrochage,0,0,-0.149,1.989,14.66,,False
2026T1,Reprise,0,1,-0.196,2.685,15.7,,True
2026T2,Reprise,0,1,-0.345,2.098,,,True
