mois,phase,niveau,momentum,ecart_potentiel,pib_yoy,provisoire,sahm,chomage
1949-01,Decrochage,0,0,0.715,0.943,False,,
1949-02,Decrochage,0,0,0.715,0.943,False,,
1949-03,Decrochage,0,0,0.715,0.943,False,,
1949-04,Decrochage,0,0,-1.01,-1.035,False,,
1949-05,Decrochage,0,0,-1.01,-1.035,False,,
1949-06,Decrochage,0,0,-1.01,-1.035,False,,
1949-07,Decrochage,0,0,-1.412,-0.583,False,,
1949-08,Decrochage,0,0,-1.412,-0.583,False,,
1949-09,Decrochage,0,0,-1.412,-0.583,False,,
1949-10,Decrochage,0,0,-3.607,-1.527,False,,
1949-11,Decrochage,0,0,-3.607,-1.527,False,,
1949-12,Decrochage,0,0,-3.607,-1.527,False,,
1950-01,Decrochage,0,0,-1.147,3.773,False,,
1950-02,Decrochage,0,0,-1.147,3.773,False,,
1950-03,Decrochage,0,0,-1.147,3.773,False,,
1950-04,Explosion,1,1,0.494,7.303,False,,
1950-05,Explosion,1,1,0.494,7.303,False,,
1950-06,Explosion,1,1,0.494,7.303,False,,
1950-07,Explosion,1,1,2.967,10.31,False,,
1950-08,Explosion,1,1,2.967,10.31,False,,
1950-09,Explosion,1,1,2.967,10.31,False,,
1950-10,Explosion,1,1,3.548,13.372,False,,
1950-11,Explosion,1,1,3.548,13.372,False,,
1950-12,Explosion,1,1,3.548,13.372,False,,
1951-01,Ralentissement,1,0,3.603,10.565,False,,
1951-02,Ralentissement,1,0,3.603,10.565,False,,
1951-03,Ralentissement,1,0,3.603,10.565,False,,
1951-04,Ralentissement,1,0,4.045,9.15,False,,
1951-05,Ralentissement,1,0,4.045,9.15,False,,
1951-06,Ralentissement,1,0,4.045,9.15,False,,
1951-07,Ralentissement,1,0,4.753,7.253,False,,
1951-08,Ralentissement,1,0,4.753,7.253,False,,
1951-09,Ralentissement,1,0,4.753,7.253,False,,
1951-10,Ralentissement,1,0,3.587,5.468,False,,
1951-11,Ralentissement,1,0,3.587,5.468,False,,
1951-12,Ralentissement,1,0,3.587,5.468,False,,
1952-01,Ralentissement,1,0,3.255,5.165,False,,
1952-02,Ralentissement,1,0,3.255,5.165,False,,
1952-03,Ralentissement,1,0,3.255,5.165,False,,
1952-04,Ralentissement,1,0,2.036,3.596,False,,
1952-05,Ralentissement,1,0,2.036,3.596,False,,
1952-06,Ralentissement,1,0,2.036,3.596,False,,
1952-07,Ralentissement,1,0,1.431,2.237,False,,
1952-08,Ralentissement,1,0,1.431,2.237,False,,
1952-09,Ralentissement,1,0,1.431,2.237,False,,
1952-10,Explosion,1,1,3.429,5.364,False,,
1952-11,Explosion,1,1,3.429,5.364,False,,
1952-12,Explosion,1,1,3.429,5.364,False,,
1953-01,Explosion,1,1,4.174,6.19,False,,
1953-02,Explosion,1,1,4.174,6.19,False,,
1953-03,Explosion,1,1,4.174,6.19,False,,
1953-04,Explosion,1,1,3.939,6.782,False,,
1953-05,Explosion,1,1,3.939,6.782,False,,
1953-06,Explosion,1,1,3.939,6.782,False,,
1953-07,Ralentissement,1,0,2.483,5.421,False,,
1953-08,Ralentissement,1,0,2.483,5.421,False,,
1953-09,Ralentissement,1,0,2.483,5.421,False,,
1953-10,Ralentissement,1,0,0.164,0.524,False,,
1953-11,Ralentissement,1,0,0.164,0.524,False,,
1953-12,Ralentissement,1,0,0.164,0.524,False,,
1954-01,Decrochage,0,0,-1.058,-1.782,False,,
1954-02,Decrochage,0,0,-1.058,-1.782,False,,
1954-03,Decrochage,0,0,-1.058,-1.782,False,,
1954-04,Decrochage,0,0,-1.616,-2.429,False,,
1954-05,Decrochage,0,0,-1.616,-2.429,False,,
1954-06,Decrochage,0,0,-1.616,-2.429,False,,
1954-07,Explosion,1,1,-1.12,-0.768,False,,
1954-08,Explosion,1,1,-1.12,-0.768,False,,
1954-09,Explosion,1,1,-1.12,-0.768,False,,
1954-10,Explosion,1,1,0.173,2.729,False,,
1954-11,Explosion,1,1,0.173,2.729,False,,
1954-12,Explosion,1,1,0.173,2.729,False,,
1955-01,Explosion,1,1,2.363,6.17,False,,
1955-02,Explosion,1,1,2.363,6.17,False,,
1955-03,Explosion,1,1,2.363,6.17,False,,
1955-04,Explosion,1,1,3.31,7.78,False,,
1955-05,Explosion,1,1,3.31,7.78,False,,
1955-06,Explosion,1,1,3.31,7.78,False,,
1955-07,Explosion,1,1,4.004,8.016,False,,
1955-08,Explosion,1,1,4.004,8.016,False,,
1955-09,Explosion,1,1,4.004,8.016,False,,
1955-10,Ralentissement,1,0,3.938,6.579,False,,
1955-11,Ralentissement,1,0,3.938,6.579,False,,
1955-12,Ralentissement,1,0,3.938,6.579,False,,
1956-01,Ralentissement,1,0,2.882,3.217,False,,
1956-02,Ralentissement,1,0,2.882,3.217,False,,
1956-03,Ralentissement,1,0,2.882,3.217,False,,
1956-04,Ralentissement,1,0,3.052,2.403,False,,
1956-05,Ralentissement,1,0,3.052,2.403,False,,
1956-06,Ralentissement,1,0,3.052,2.403,False,,
1956-07,Ralentissement,1,0,2.282,0.948,False,,
1956-08,Ralentissement,1,0,2.282,0.948,False,,
1956-09,Ralentissement,1,0,2.282,0.948,False,,
1956-10,Ralentissement,1,0,3.202,1.997,False,,
1956-11,Ralentissement,1,0,3.202,1.997,False,,
1956-12,Ralentissement,1,0,3.202,1.997,False,,
1957-01,Ralentissement,1,0,3.077,3.05,False,,
1957-02,Ralentissement,1,0,3.077,3.05,False,,
1957-03,Ralentissement,1,0,3.077,3.05,False,,
1957-04,Ralentissement,1,0,2.047,1.981,False,,
1957-05,Ralentissement,1,0,2.047,1.981,False,,
1957-06,Ralentissement,1,0,2.047,1.981,False,,
1957-07,Ralentissement,1,0,2.179,3.073,False,,
1957-08,Ralentissement,1,0,2.179,3.073,False,,
1957-09,Ralentissement,1,0,2.179,3.073,False,,
1957-10,Ralentissement,1,0,0.265,0.355,False,,
1957-11,Ralentissement,1,0,0.265,0.355,False,,
1957-12,Ralentissement,1,0,0.265,0.355,False,,
1958-01,Ralentissement,1,0,-3.234,-2.872,False,,
1958-02,Ralentissement,1,0,-3.234,-2.872,False,,
1958-03,Ralentissement,1,0,-3.234,-2.872,False,,
1958-04,Reprise,0,1,-3.468,-2.02,False,,
1958-05,Reprise,0,1,-3.468,-2.02,False,,
1958-06,Reprise,0,1,-3.468,-2.02,False,,
1958-07,Reprise,0,1,-2.077,-0.726,False,,
1958-08,Reprise,0,1,-2.077,-0.726,False,,
1958-09,Reprise,0,1,-2.077,-0.726,False,,
1958-10,Reprise,0,1,-0.703,2.657,False,,
1958-11,Reprise,0,1,-0.703,2.657,False,,
1958-12,Reprise,0,1,-0.703,2.657,False,,
1959-01,Explosion,1,1,0.25,7.415,False,,
1959-02,Explosion,1,1,0.25,7.415,False,,
1959-03,Explosion,1,1,0.25,7.415,False,,
1959-04,Explosion,1,1,1.502,9.119,False,,
1959-05,Explosion,1,1,1.502,9.119,False,,
1959-06,Explosion,1,1,1.502,9.119,False,,
1959-07,Explosion,1,1,0.549,6.726,False,,
1959-08,Explosion,1,1,0.549,6.726,False,,
1959-09,Explosion,1,1,0.549,6.726,False,,
1959-10,Explosion,1,1,-0.191,4.585,False,,
1959-11,Explosion,1,1,-0.191,4.585,False,,
1959-12,Explosion,1,1,-0.191,4.585,False,,
1960-01,Explosion,1,1,0.99,4.924,False,,
1960-02,Explosion,1,1,0.99,4.924,False,,
1960-03,Explosion,1,1,0.99,4.924,False,,
1960-04,Decrochage,0,0,-0.566,2.059,False,,
1960-05,Decrochage,0,0,-0.566,2.059,False,,
1960-06,Decrochage,0,0,-0.566,2.059,False,,
1960-07,Decrochage,0,0,-1.082,2.488,False,,
1960-08,Decrochage,0,0,-1.082,2.488,False,,
1960-09,Decrochage,0,0,-1.082,2.488,False,,
1960-10,Decrochage,0,0,-3.347,0.885,False,,
1960-11,Decrochage,0,0,-3.347,0.885,False,,
1960-12,Decrochage,0,0,-3.347,0.885,False,,
1961-01,Decrochage,0,0,-3.64,-0.668,False,,
1961-02,Decrochage,0,0,-3.64,-0.668,False,,
1961-03,Decrochage,0,0,-3.64,-0.668,False,,
1961-04,Reprise,0,1,-2.877,1.566,False,,
1961-05,Reprise,0,1,-2.877,1.566,False,,
1961-06,Reprise,0,1,-2.877,1.566,False,,
1961-07,Reprise,0,1,-1.913,3.012,False,,
1961-08,Reprise,0,1,-1.913,3.012,False,,
1961-09,Reprise,0,1,-1.913,3.012,False,,
1961-10,Reprise,0,1,-0.901,6.397,False,,
1961-11,Reprise,0,1,-0.901,6.397,False,,
1961-12,Reprise,0,1,-0.901,6.397,False,,
1962-01,Reprise,0,1,-0.087,7.569,False,,
1962-02,Reprise,0,1,-0.087,7.569,False,,
1962-03,Reprise,0,1,-0.087,7.569,False,,
1962-04,Reprise,0,1,-0.174,6.73,False,,
1962-05,Reprise,0,1,-0.174,6.73,False,,
1962-06,Reprise,0,1,-0.174,6.73,False,,
1962-07,Reprise,0,1,0.023,6.007,False,,
1962-08,Reprise,0,1,0.023,6.007,False,,
1962-09,Reprise,0,1,0.023,6.007,False,,
1962-10,Decrochage,0,0,-0.698,4.31,False,,
1962-11,Decrochage,0,0,-0.698,4.31,False,,
1962-12,Decrochage,0,0,-0.698,4.31,False,,
1963-01,Decrochage,0,0,-0.672,3.601,False,,
1963-02,Decrochage,0,0,-0.672,3.601,False,,
1963-03,Decrochage,0,0,-0.672,3.601,False,,
1963-04,Explosion,1,1,-0.625,3.825,False,,
1963-05,Explosion,1,1,-0.625,3.825,False,,
1963-06,Explosion,1,1,-0.625,3.825,False,,
1963-07,Explosion,1,1,0.477,4.819,False,,
1963-08,Explosion,1,1,0.477,4.819,False,,
1963-09,Explosion,1,1,0.477,4.819,False,,
1963-10,Explosion,1,1,0.052,5.16,False,,
1963-11,Explosion,1,1,0.052,5.16,False,,
1963-12,Explosion,1,1,0.052,5.16,False,,
1964-01,Explosion,1,1,1.071,6.217,False,,
1964-02,Explosion,1,1,1.071,6.217,False,,
1964-03,Explosion,1,1,1.071,6.217,False,,
1964-04,Explosion,1,1,1.076,6.182,False,,
1964-05,Explosion,1,1,1.076,6.182,False,,
1964-06,Explosion,1,1,1.076,6.182,False,,
1964-07,Explosion,1,1,1.545,5.521,False,,
1964-08,Explosion,1,1,1.545,5.521,False,,
1964-09,Explosion,1,1,1.545,5.521,False,,
1964-10,Explosion,1,1,0.781,5.158,False,,
1964-11,Explosion,1,1,0.781,5.158,False,,
1964-12,Explosion,1,1,0.781,5.158,False,,
1965-01,Explosion,1,1,2.082,5.478,False,,
1965-02,Explosion,1,1,2.082,5.478,False,,
1965-03,Explosion,1,1,2.082,5.478,False,,
1965-04,Explosion,1,1,2.28,5.66,False,,
1965-05,Explosion,1,1,2.28,5.66,False,,
1965-06,Explosion,1,1,2.28,5.66,False,,
1965-07,Explosion,1,1,3.398,6.347,False,,
1965-08,Explosion,1,1,3.398,6.347,False,,
1965-09,Explosion,1,1,3.398,6.347,False,,
1965-10,Explosion,1,1,4.601,8.462,False,,
1965-11,Explosion,1,1,4.601,8.462,False,,
1965-12,Explosion,1,1,4.601,8.462,False,,
1966-01,Explosion,1,1,5.927,8.477,False,,
1966-02,Explosion,1,1,5.927,8.477,False,,
1966-03,Explosion,1,1,5.927,8.477,False,,
1966-04,Ralentissement,1,0,5.185,7.489,False,,
1966-05,Ralentissement,1,0,5.185,7.489,False,,
1966-06,Ralentissement,1,0,5.185,7.489,False,,
1966-07,Ralentissement,1,0,4.936,6.042,False,,
1966-08,Ralentissement,1,0,4.936,6.042,False,,
1966-09,Ralentissement,1,0,4.936,6.042,False,,
1966-10,Ralentissement,1,0,4.668,4.504,False,,
1966-11,Ralentissement,1,0,4.668,4.504,False,,
1966-12,Ralentissement,1,0,4.668,4.504,False,,
1967-01,Ralentissement,1,0,4.448,2.925,False,,
1967-02,Ralentissement,1,0,4.448,2.925,False,,
1967-03,Ralentissement,1,0,4.448,2.925,False,,
1967-04,Ralentissement,1,0,3.403,2.638,False,,
1967-05,Ralentissement,1,0,3.403,2.638,False,,
1967-06,Ralentissement,1,0,3.403,2.638,False,,
1967-07,Explosion,1,1,3.236,2.739,False,,
1967-08,Explosion,1,1,3.236,2.739,False,,
1967-09,Explosion,1,1,3.236,2.739,False,,
1967-10,Explosion,1,1,2.869,2.671,False,,
1967-11,Explosion,1,1,2.869,2.671,False,,
1967-12,Explosion,1,1,2.869,2.671,False,,
1968-01,Explosion,1,1,3.777,3.845,False,,
1968-02,Explosion,1,1,3.777,3.845,False,,
1968-03,Explosion,1,1,3.777,3.845,False,,
1968-04,Explosion,1,1,4.338,5.515,False,,
1968-05,Explosion,1,1,4.338,5.515,False,,
1968-06,Explosion,1,1,4.338,5.515,False,,
1968-07,Ralentissement,1,0,4.005,5.335,False,,
1968-08,Ralentissement,1,0,4.005,5.335,False,,
1968-09,Ralentissement,1,0,4.005,5.335,False,,
1968-10,Ralentissement,1,0,3.293,4.958,False,,
1968-11,Ralentissement,1,0,3.293,4.958,False,,
1968-12,Ralentissement,1,0,3.293,4.958,False,,
1969-01,Ralentissement,1,0,3.777,4.469,False,,
1969-02,Ralentissement,1,0,3.777,4.469,False,,
1969-03,Ralentissement,1,0,3.777,4.469,False,,
1969-04,Ralentissement,1,0,3.053,3.065,False,,
1969-05,Ralentissement,1,0,3.053,3.065,False,,
1969-06,Ralentissement,1,0,3.053,3.065,False,,
1969-07,Ralentissement,1,0,2.731,2.948,False,,
1969-08,Ralentissement,1,0,2.731,2.948,False,,
1969-09,Ralentissement,1,0,2.731,2.948,False,,
1969-10,Ralentissement,1,0,1.297,2.044,False,,
1969-11,Ralentissement,1,0,1.297,2.044,False,,
1969-12,Ralentissement,1,0,1.297,2.044,False,,
1970-01,Ralentissement,1,0,0.236,0.323,False,,3.9
1970-02,Ralentissement,1,0,0.236,0.323,False,,4.2
1970-03,Ralentissement,1,0,0.236,0.323,False,,4.4
1970-04,Decrochage,0,0,-0.494,0.161,False,,4.6
1970-05,Decrochage,0,0,-0.494,0.161,False,,4.8
1970-06,Decrochage,0,0,-0.494,0.161,False,,4.9
1970-07,Decrochage,0,0,-0.417,0.421,False,,5.0
1970-08,Decrochage,0,0,-0.417,0.421,False,,5.1
1970-09,Decrochage,0,0,-0.417,0.421,False,,5.4
1970-10,Decrochage,0,0,-2.305,-0.167,False,,5.5
1970-11,Decrochage,0,0,-2.305,-0.167,False,,5.9
1970-12,Decrochage,0,0,-2.305,-0.167,False,,6.1
1971-01,Reprise,0,1,-0.423,2.697,False,,5.9
1971-02,Reprise,0,1,-0.423,2.697,False,1.8,5.9
1971-03,Reprise,0,1,-0.423,2.697,False,1.533,6.0
1971-04,Reprise,0,1,-0.68,3.106,False,1.333,5.9
1971-05,Reprise,0,1,-0.68,3.106,False,1.167,5.9
1971-06,Reprise,0,1,-0.68,3.106,False,1.0,5.9
1971-07,Reprise,0,1,-0.655,3.005,False,0.933,6.0
1971-08,Reprise,0,1,-0.655,3.005,False,0.833,6.1
1971-09,Reprise,0,1,-0.655,3.005,False,0.7,6.0
1971-10,Reprise,0,1,-1.214,4.366,False,0.367,5.8
1971-11,Reprise,0,1,-1.214,4.366,False,0.1,6.0
1971-12,Reprise,0,1,-1.214,4.366,False,0.033,6.0
1972-01,Reprise,0,1,-0.191,3.473,False,0.033,5.8
1972-02,Reprise,0,1,-0.191,3.473,False,0.0,5.7
1972-03,Reprise,0,1,-0.191,3.473,False,0.0,5.8
1972-04,Explosion,1,1,1.252,5.251,False,0.0,5.7
1972-05,Explosion,1,1,1.252,5.251,False,0.0,5.7
1972-06,Explosion,1,1,1.252,5.251,False,0.0,5.7
1972-07,Explosion,1,1,1.383,5.378,False,0.0,5.6
1972-08,Explosion,1,1,1.383,5.378,False,0.0,5.6
1972-09,Explosion,1,1,1.383,5.378,False,0.0,5.5
1972-10,Explosion,1,1,2.221,6.892,False,0.0,5.6
1972-11,Explosion,1,1,2.221,6.892,False,0.0,5.3
1972-12,Explosion,1,1,2.221,6.892,False,0.0,5.2
1973-01,Explosion,1,1,3.834,7.561,False,0.0,4.9
1973-02,Explosion,1,1,3.834,7.561,False,0.0,5.0
1973-03,Explosion,1,1,3.834,7.561,False,0.0,4.9
1973-04,Ralentissement,1,0,4.058,6.32,False,0.033,5.0
1973-05,Ralentissement,1,0,4.058,6.32,False,0.0,4.9
1973-06,Ralentissement,1,0,4.058,6.32,False,0.0,4.9
1973-07,Ralentissement,1,0,2.668,4.771,False,0.0,4.8
1973-08,Ralentissement,1,0,2.668,4.771,False,0.0,4.8
1973-09,Ralentissement,1,0,2.668,4.771,False,0.0,4.8
1973-10,Ralentissement,1,0,2.739,4.024,False,0.0,4.6
1973-11,Ralentissement,1,0,2.739,4.024,False,0.0,4.8
1973-12,Ralentissement,1,0,2.739,4.024,False,0.033,4.9
1974-01,Ralentissement,1,0,0.996,0.639,False,0.2,5.1
1974-02,Ralentissement,1,0,0.996,0.639,False,0.333,5.2
1974-03,Ralentissement,1,0,0.996,0.639,False,0.4,5.1
1974-04,Ralentissement,1,0,0.351,-0.208,False,0.4,5.1
1974-05,Ralentissement,1,0,0.351,-0.208,False,0.367,5.1
1974-06,Ralentissement,1,0,0.351,-0.208,False,0.467,5.4
1974-07,Decrochage,0,0,-1.463,-0.629,False,0.6,5.5
1974-08,Decrochage,0,0,-1.463,-0.629,False,0.733,5.5
1974-09,Decrochage,0,0,-1.463,-0.629,False,0.9,5.9
1974-10,Decrochage,0,0,-2.7,-1.946,False,1.067,6.0
1974-11,Decrochage,0,0,-2.7,-1.946,False,1.4,6.6
1974-12,Decrochage,0,0,-2.7,-1.946,False,1.667,7.2
1975-01,Decrochage,0,0,-4.745,-2.3,False,2.233,8.1
1975-02,Decrochage,0,0,-4.745,-2.3,False,2.7,8.1
1975-03,Decrochage,0,0,-4.745,-2.3,False,3.167,8.6
1975-04,Reprise,0,1,-4.83,-1.835,False,3.4,8.8
1975-05,Reprise,0,1,-4.83,-1.835,False,3.6,9.0
1975-06,Reprise,0,1,-4.83,-1.835,False,3.533,8.8
1975-07,Reprise,0,1,-3.916,0.799,False,3.333,8.6
1975-08,Reprise,0,1,-3.916,0.799,False,2.967,8.4
1975-09,Reprise,0,1,-3.916,0.799,False,2.667,8.4
1975-10,Reprise,0,1,-3.353,2.555,False,2.233,8.4
1975-11,Reprise,0,1,-3.353,2.555,False,1.767,8.3
1975-12,Reprise,0,1,-3.353,2.555,False,1.0,8.2
1976-01,Reprise,0,1,-1.891,6.154,False,0.333,7.9
1976-02,Reprise,0,1,-1.891,6.154,False,0.0,7.7
1976-03,Reprise,0,1,-1.891,6.154,False,0.0,7.6
1976-04,Reprise,0,1,-1.926,6.174,False,0.0,7.7
1976-05,Reprise,0,1,-1.926,6.174,False,0.0,7.4
1976-06,Reprise,0,1,-1.926,6.174,False,0.0,7.6
1976-07,Decrochage,0,0,-2.162,4.958,False,0.033,7.8
1976-08,Decrochage,0,0,-2.162,4.958,False,0.167,7.8
1976-09,Decrochage,0,0,-2.162,4.958,False,0.167,7.6
1976-10,Decrochage,0,0,-2.228,4.312,False,0.133,7.7
1976-11,Decrochage,0,0,-2.228,4.312,False,0.133,7.8
1976-12,Decrochage,0,0,-2.228,4.312,False,0.2,7.8
1977-01,Decrochage,0,0,-1.855,3.227,False,0.133,7.5
1977-02,Decrochage,0,0,-1.855,3.227,False,0.067,7.6
1977-03,Decrochage,0,0,-1.855,3.227,False,0.0,7.4
1977-04,Decrochage,0,0,-0.75,4.465,False,0.0,7.2
1977-05,Decrochage,0,0,-0.75,4.465,False,0.0,7.0
1977-06,Decrochage,0,0,-0.75,4.465,False,0.0,7.2
1977-07,Decrochage,0,0,0.212,5.77,False,0.0,6.9
1977-08,Decrochage,0,0,0.212,5.77,False,0.0,7.0
1977-09,Decrochage,0,0,0.212,5.77,False,0.0,6.8
1977-10,Reprise,0,1,-0.626,5.013,False,0.0,6.8
1977-11,Reprise,0,1,-0.626,5.013,False,0.0,6.8
1977-12,Reprise,0,1,-0.626,5.013,False,0.0,6.4
1978-01,Reprise,0,1,-1.16,4.114,False,0.0,6.4
1978-02,Reprise,0,1,-1.16,4.114,False,0.0,6.3
1978-03,Reprise,0,1,-1.16,4.114,False,0.0,6.3
1978-04,Explosion,1,1,1.768,6.078,False,0.0,6.1
1978-05,Explosion,1,1,1.768,6.078,False,0.0,6.0
1978-06,Explosion,1,1,1.768,6.078,False,0.0,5.9
1978-07,Explosion,1,1,1.89,5.247,False,0.033,6.2
1978-08,Explosion,1,1,1.89,5.247,False,0.0,5.9
1978-09,Explosion,1,1,1.89,5.247,False,0.033,6.0
1978-10,Explosion,1,1,2.335,6.66,False,0.0,5.8
1978-11,Explosion,1,1,2.335,6.66,False,0.0,5.9
1978-12,Explosion,1,1,2.335,6.66,False,0.0,6.0
1979-01,Ralentissement,1,0,1.607,6.51,False,0.033,5.9
1979-02,Ralentissement,1,0,1.607,6.51,False,0.033,5.9
1979-03,Ralentissement,1,0,1.607,6.51,False,0.0,5.8
1979-04,Ralentissement,1,0,0.847,2.657,False,0.0,5.8
1979-05,Ralentissement,1,0,0.847,2.657,False,0.0,5.6
1979-06,Ralentissement,1,0,0.847,2.657,False,0.0,5.7
1979-07,Ralentissement,1,0,0.777,2.389,False,0.0,5.7
1979-08,Ralentissement,1,0,0.777,2.389,False,0.133,6.0
1979-09,Ralentissement,1,0,0.777,2.389,False,0.2,5.9
1979-10,Ralentissement,1,0,0.281,1.284,False,0.3,6.0
1979-11,Ralentissement,1,0,0.281,1.284,False,0.267,5.9
1979-12,Ralentissement,1,0,0.281,1.284,False,0.3,6.0
1980-01,Decrochage,0,0,-0.071,1.421,False,0.4,6.3
1980-02,Decrochage,0,0,-0.071,1.421,False,0.533,6.3
1980-03,Decrochage,0,0,-0.071,1.421,False,0.633,6.3
1980-04,Decrochage,0,0,-2.738,-0.775,False,0.833,6.9
1980-05,Decrochage,0,0,-2.738,-0.775,False,1.233,7.5
1980-06,Decrochage,0,0,-2.738,-0.775,False,1.667,7.6
1980-07,Decrochage,0,0,-3.355,-1.624,False,1.833,7.8
1980-08,Decrochage,0,0,-3.355,-1.624,False,1.833,7.7
1980-09,Decrochage,0,0,-3.355,-1.624,False,1.733,7.5
1980-10,Reprise,0,1,-2.025,-0.039,False,1.633,7.5
1980-11,Reprise,0,1,-2.025,-0.039,False,1.533,7.5
1980-12,Reprise,0,1,-2.025,-0.039,False,1.333,7.2
1981-01,Reprise,0,1,-0.656,1.6,False,1.2,7.5
1981-02,Reprise,0,1,-0.656,1.6,False,1.067,7.4
1981-03,Reprise,0,1,-0.656,1.6,False,0.933,7.4
1981-04,Reprise,0,1,-2.009,2.969,False,0.433,7.2
1981-05,Reprise,0,1,-2.009,2.969,False,0.033,7.5
1981-06,Reprise,0,1,-2.009,2.969,False,0.067,7.5
1981-07,Reprise,0,1,-1.462,4.326,False,0.067,7.2
1981-08,Reprise,0,1,-1.462,4.326,False,0.033,7.4
1981-09,Reprise,0,1,-1.462,4.326,False,0.067,7.6
1981-10,Decrochage,0,0,-3.234,1.3,False,0.3,7.9
1981-11,Decrochage,0,0,-3.234,1.3,False,0.6,8.3
1981-12,Decrochage,0,0,-3.234,1.3,False,0.9,8.5
1982-01,Decrochage,0,0,-5.502,-2.191,False,1.133,8.6
1982-02,Decrochage,0,0,-5.502,-2.191,False,1.333,8.9
1982-03,Decrochage,0,0,-5.502,-2.191,False,1.5,9.0
1982-04,Decrochage,0,0,-5.762,-1.011,False,1.7,9.3
1982-05,Decrochage,0,0,-5.762,-1.011,False,1.867,9.4
1982-06,Decrochage,0,0,-5.762,-1.011,False,2.067,9.6
1982-07,Decrochage,0,0,-6.871,-2.556,False,2.233,9.8
1982-08,Decrochage,0,0,-6.871,-2.556,False,2.333,9.8
1982-09,Decrochage,0,0,-6.871,-2.556,False,2.267,10.1
1982-10,Reprise,0,1,-7.57,-1.443,False,2.167,10.4
1982-11,Reprise,0,1,-7.57,-1.443,False,2.2,10.8
1982-12,Reprise,0,1,-7.57,-1.443,False,2.2,10.8
1983-01,Reprise,0,1,-6.991,1.431,False,2.0,10.4
1983-02,Reprise,0,1,-6.991,1.431,False,1.7,10.4
1983-03,Reprise,0,1,-6.991,1.431,False,1.3,10.3
1983-04,Reprise,0,1,-5.481,3.268,False,1.067,10.2
1983-05,Reprise,0,1,-5.481,3.268,False,0.767,10.1
1983-06,Reprise,0,1,-5.481,3.268,False,0.533,10.1
1983-07,Reprise,0,1,-4.256,5.737,False,0.133,9.4
1983-08,Reprise,0,1,-4.256,5.737,False,0.0,9.5
1983-09,Reprise,0,1,-4.256,5.737,False,0.0,9.2
1983-10,Reprise,0,1,-2.971,7.9,False,0.0,8.8
1983-11,Reprise,0,1,-2.971,7.9,False,0.0,8.5
1983-12,Reprise,0,1,-2.971,7.9,False,0.0,8.3
1984-01,Reprise,0,1,-1.841,8.578,False,0.0,8.0
1984-02,Reprise,0,1,-1.841,8.578,False,0.0,7.8
1984-03,Reprise,0,1,-1.841,8.578,False,0.0,7.8
1984-04,Decrochage,0,0,-0.958,7.997,False,0.0,7.7
1984-05,Decrochage,0,0,-0.958,7.997,False,0.0,7.4
1984-06,Decrochage,0,0,-0.958,7.997,False,0.0,7.2
1984-07,Decrochage,0,0,-0.843,6.901,False,0.0,7.5
1984-08,Decrochage,0,0,-0.843,6.901,False,0.033,7.5
1984-09,Decrochage,0,0,-0.843,6.901,False,0.067,7.3
1984-10,Decrochage,0,0,-0.881,5.576,False,0.033,7.4
1984-11,Decrochage,0,0,-0.881,5.576,False,0.0,7.2
1984-12,Decrochage,0,0,-0.881,5.576,False,0.0,7.3
1985-01,Decrochage,0,0,-0.774,4.555,False,0.0,7.3
1985-02,Decrochage,0,0,-0.774,4.555,False,0.0,7.2
1985-03,Decrochage,0,0,-0.774,4.555,False,0.0,7.2
1985-04,Decrochage,0,0,-0.753,3.684,False,0.0,7.3
1985-05,Decrochage,0,0,-0.753,3.684,False,0.0,7.2
1985-06,Decrochage,0,0,-0.753,3.684,False,0.067,7.4
1985-07,Decrochage,0,0,-0.089,4.262,False,0.1,7.4
1985-08,Decrochage,0,0,-0.089,4.262,False,0.067,7.1
1985-09,Decrochage,0,0,-0.089,4.262,False,0.0,7.1
1985-10,Decrochage,0,0,-0.194,4.182,False,0.0,7.1
1985-11,Decrochage,0,0,-0.194,4.182,False,0.0,7.0
1985-12,Decrochage,0,0,-0.194,4.182,False,0.0,7.0
1986-01,Decrochage,0,0,-0.101,4.146,False,0.0,6.7
1986-02,Decrochage,0,0,-0.101,4.146,False,0.067,7.2
1986-03,Decrochage,0,0,-0.101,4.146,False,0.133,7.2
1986-04,Decrochage,0,0,-0.478,3.702,False,0.267,7.1
1986-05,Decrochage,0,0,-0.478,3.702,False,0.267,7.2
1986-06,Decrochage,0,0,-0.478,3.702,False,0.267,7.2
1986-07,Decrochage,0,0,-0.346,3.119,False,0.233,7.0
1986-08,Decrochage,0,0,-0.346,3.119,False,0.133,6.9
1986-09,Decrochage,0,0,-0.346,3.119,False,0.067,7.0
1986-10,Decrochage,0,0,-0.625,2.907,False,0.067,7.0
1986-11,Decrochage,0,0,-0.625,2.907,False,0.067,6.9
1986-12,Decrochage,0,0,-0.625,2.907,False,0.0,6.6
1987-01,Decrochage,0,0,-0.691,2.712,False,0.0,6.6
1987-02,Decrochage,0,0,-0.691,2.712,False,0.0,6.6
1987-03,Decrochage,0,0,-0.691,2.712,False,0.0,6.6
1987-04,Reprise,0,1,-0.409,3.354,False,0.0,6.3
1987-05,Reprise,0,1,-0.409,3.354,False,0.0,6.3
1987-06,Reprise,0,1,-0.409,3.354,False,0.0,6.2
1987-07,Reprise,0,1,-0.321,3.262,False,0.0,6.1
1987-08,Reprise,0,1,-0.321,3.262,False,0.0,6.0
1987-09,Reprise,0,1,-0.321,3.262,False,0.0,5.9
1987-10,Explosion,1,1,0.611,4.475,False,0.0,6.0
1987-11,Explosion,1,1,0.611,4.475,False,0.0,5.8
1987-12,Explosion,1,1,0.611,4.475,False,0.0,5.7
1988-01,Explosion,1,1,0.37,4.241,False,0.0,5.7
1988-02,Explosion,1,1,0.37,4.241,False,0.0,5.7
1988-03,Explosion,1,1,0.37,4.241,False,0.0,5.7
1988-04,Explosion,1,1,0.928,4.484,False,0.0,5.4
1988-05,Explosion,1,1,0.928,4.484,False,0.0,5.6
1988-06,Explosion,1,1,0.928,4.484,False,0.0,5.4
1988-07,Ralentissement,1,0,0.776,4.193,False,0.0,5.4
1988-08,Ralentissement,1,0,0.776,4.193,False,0.0,5.6
1988-09,Ralentissement,1,0,0.776,4.193,False,0.0,5.4
1988-10,Ralentissement,1,0,1.37,3.799,False,0.0,5.4
1988-11,Ralentissement,1,0,1.37,3.799,False,0.0,5.3
1988-12,Ralentissement,1,0,1.37,3.799,False,0.0,5.3
1989-01,Ralentissement,1,0,1.66,4.315,False,0.0,5.4
1989-02,Ralentissement,1,0,1.66,4.315,False,0.0,5.2
1989-03,Ralentissement,1,0,1.66,4.315,False,0.0,5.0
1989-04,Ralentissement,1,0,1.706,3.748,False,0.0,5.2
1989-05,Ralentissement,1,0,1.706,3.748,False,0.0,5.2
1989-06,Ralentissement,1,0,1.706,3.748,False,0.1,5.3
1989-07,Ralentissement,1,0,1.736,3.908,False,0.1,5.2
1989-08,Ralentissement,1,0,1.736,3.908,False,0.1,5.2
1989-09,Ralentissement,1,0,1.736,3.908,False,0.1,5.3
1989-10,Ralentissement,1,0,1.232,2.743,False,0.133,5.3
1989-11,Ralentissement,1,0,1.232,2.743,False,0.2,5.4
1989-12,Ralentissement,1,0,1.232,2.743,False,0.233,5.4
1990-01,Ralentissement,1,0,1.625,2.821,False,0.267,5.4
1990-02,Ralentissement,1,0,1.625,2.821,False,0.233,5.3
1990-03,Ralentissement,1,0,1.625,2.821,False,0.167,5.2
1990-04,Ralentissement,1,0,1.301,2.413,False,0.167,5.4
1990-05,Ralentissement,1,0,1.301,2.413,False,0.1,5.4
1990-06,Ralentissement,1,0,1.301,2.413,False,0.1,5.2
1990-07,Ralentissement,1,0,0.696,1.727,False,0.133,5.5
1990-08,Ralentissement,1,0,0.696,1.727,False,0.233,5.7
1990-09,Ralentissement,1,0,0.696,1.727,False,0.433,5.9
1990-10,Decrochage,0,0,-0.876,0.603,False,0.533,5.9
1990-11,Decrochage,0,0,-0.876,0.603,False,0.7,6.2
1990-12,Decrochage,0,0,-0.876,0.603,False,0.833,6.3
1991-01,Decrochage,0,0,-1.992,-0.95,False,1.0,6.4
1991-02,Decrochage,0,0,-1.992,-0.95,False,1.133,6.6
1991-03,Decrochage,0,0,-1.992,-0.95,False,1.3,6.8
1991-04,Reprise,0,1,-1.851,-0.539,False,1.367,6.7
1991-05,Reprise,0,1,-1.851,-0.539,False,1.467,6.9
1991-06,Reprise,0,1,-1.851,-0.539,False,1.467,6.9
1991-07,Reprise,0,1,-1.978,-0.103,False,1.4,6.8
1991-08,Reprise,0,1,-1.978,-0.103,False,1.167,6.9
1991-09,Reprise,0,1,-1.978,-0.103,False,1.033,6.9
1991-10,Reprise,0,1,-2.268,1.166,False,0.933,7.0
1991-11,Reprise,0,1,-2.268,1.166,False,0.833,7.0
1991-12,Reprise,0,1,-2.268,1.166,False,0.8,7.3
1992-01,Reprise,0,1,-1.722,2.859,False,0.767,7.3
1992-02,Reprise,0,1,-1.722,2.859,False,0.733,7.4
1992-03,Reprise,0,1,-1.722,2.859,False,0.667,7.4
1992-04,Reprise,0,1,-1.294,3.17,False,0.6,7.4
1992-05,Reprise,0,1,-1.294,3.17,False,0.633,7.6
1992-06,Reprise,0,1,-1.294,3.17,False,0.733,7.8
1992-07,Reprise,0,1,-0.972,3.665,False,0.833,7.7
1992-08,Reprise,0,1,-0.972,3.665,False,0.833,7.6
1992-09,Reprise,0,1,-0.972,3.665,False,0.7,7.6
1992-10,Reprise,0,1,-0.604,4.383,False,0.533,7.3
1992-11,Reprise,0,1,-0.604,4.383,False,0.333,7.4
1992-12,Reprise,0,1,-0.604,4.383,False,0.167,7.4
1993-01,Decrochage,0,0,-1.121,3.32,False,0.033,7.3
1993-02,Decrochage,0,0,-1.121,3.32,False,0.0,7.1
1993-03,Decrochage,0,0,-1.121,3.32,False,0.0,7.0
1993-04,Decrochage,0,0,-1.231,2.807,False,0.0,7.1
1993-05,Decrochage,0,0,-1.231,2.807,False,0.0,7.1
1993-06,Decrochage,0,0,-1.231,2.807,False,0.0,7.0
1993-07,Decrochage,0,0,-1.449,2.287,False,0.0,6.9
1993-08,Decrochage,0,0,-1.449,2.287,False,0.0,6.8
1993-09,Decrochage,0,0,-1.449,2.287,False,0.0,6.7
1993-10,Reprise,0,1,-0.8,2.608,False,0.0,6.8
1993-11,Reprise,0,1,-0.8,2.608,False,0.0,6.6
1993-12,Reprise,0,1,-0.8,2.608,False,0.0,6.5
1994-01,Reprise,0,1,-0.544,3.431,False,0.0,6.6
1994-02,Reprise,0,1,-0.544,3.431,False,0.0,6.6
1994-03,Reprise,0,1,-0.544,3.431,False,0.0,6.5
1994-04,Reprise,0,1,0.094,4.226,False,0.0,6.4
1994-05,Reprise,0,1,0.094,4.226,False,0.0,6.1
1994-06,Reprise,0,1,0.094,4.226,False,0.0,6.1
1994-07,Reprise,0,1,-0.038,4.337,False,0.0,6.1
1994-08,Reprise,0,1,-0.038,4.337,False,0.0,6.0
1994-09,Reprise,0,1,-0.038,4.337,False,0.0,5.9
1994-10,Ralentissement,1,0,0.38,4.116,False,0.0,5.8
1994-11,Ralentissement,1,0,0.38,4.116,False,0.0,5.6
1994-12,Ralentissement,1,0,0.38,4.116,False,0.0,5.5
1995-01,Ralentissement,1,0,0.011,3.481,False,0.0,5.6
1995-02,Ralentissement,1,0,0.011,3.481,False,0.0,5.4
1995-03,Ralentissement,1,0,0.011,3.481,False,0.0,5.4
1995-04,Decrochage,0,0,-0.42,2.402,False,0.067,5.8
1995-05,Decrochage,0,0,-0.42,2.402,False,0.133,5.6
1995-06,Decrochage,0,0,-0.42,2.402,False,0.2,5.6
1995-07,Decrochage,0,0,-0.303,2.673,False,0.167,5.7
1995-08,Decrochage,0,0,-0.303,2.673,False,0.2,5.7
1995-09,Decrochage,0,0,-0.303,2.673,False,0.2,5.6
1995-10,Decrochage,0,0,-0.37,2.2,False,0.133,5.5
1995-11,Decrochage,0,0,-0.37,2.2,False,0.1,5.6
1995-12,Decrochage,0,0,-0.37,2.2,False,0.1,5.6
1996-01,Explosion,1,1,-0.377,2.601,False,0.133,5.6
1996-02,Explosion,1,1,-0.377,2.601,False,0.1,5.5
1996-03,Explosion,1,1,-0.377,2.601,False,0.0,5.5
1996-04,Explosion,1,1,0.487,4.002,False,0.0,5.6
1996-05,Explosion,1,1,0.487,4.002,False,0.033,5.6
1996-06,Explosion,1,1,0.487,4.002,False,0.0,5.3
1996-07,Explosion,1,1,0.543,4.05,False,0.0,5.5
1996-08,Explosion,1,1,0.543,4.05,False,0.0,5.1
1996-09,Explosion,1,1,0.543,4.05,False,0.0,5.2
1996-10,Explosion,1,1,0.698,4.421,False,0.0,5.2
1996-11,Explosion,1,1,0.698,4.421,False,0.1,5.4
1996-12,Explosion,1,1,0.698,4.421,False,0.167,5.4
1997-01,Explosion,1,1,0.425,4.314,False,0.2,5.3
1997-02,Explosion,1,1,0.425,4.314,False,0.133,5.2
1997-03,Explosion,1,1,0.425,4.314,False,0.067,5.2
1997-04,Explosion,1,1,1.133,4.311,False,0.0,5.1
1997-05,Explosion,1,1,1.133,4.311,False,0.0,4.9
1997-06,Explosion,1,1,1.133,4.311,False,0.0,5.0
1997-07,Explosion,1,1,1.4,4.675,False,0.0,4.9
1997-08,Explosion,1,1,1.4,4.675,False,0.0,4.9
1997-09,Explosion,1,1,1.4,4.675,False,0.0,4.9
1997-10,Explosion,1,1,1.255,4.484,False,0.0,4.7
1997-11,Explosion,1,1,1.255,4.484,False,0.0,4.6
1997-12,Explosion,1,1,1.255,4.484,False,0.0,4.7
1998-01,Explosion,1,1,1.24,4.856,False,0.0,4.6
1998-02,Explosion,1,1,1.24,4.856,False,0.0,4.6
1998-03,Explosion,1,1,1.24,4.856,False,0.0,4.7
1998-04,Explosion,1,1,1.129,4.093,False,0.0,4.3
1998-05,Explosion,1,1,1.129,4.093,False,0.0,4.3
1998-06,Explosion,1,1,1.129,4.093,False,0.0,4.5
1998-07,Explosion,1,1,1.34,4.103,False,0.067,4.5
1998-08,Explosion,1,1,1.34,4.103,False,0.133,4.5
1998-09,Explosion,1,1,1.34,4.103,False,0.167,4.6
1998-10,Explosion,1,1,1.886,4.883,False,0.167,4.5
1998-11,Explosion,1,1,1.886,4.883,False,0.133,4.4
1998-12,Explosion,1,1,1.886,4.883,False,0.067,4.4
1999-01,Explosion,1,1,1.759,4.816,False,0.0,4.3
1999-02,Explosion,1,1,1.759,4.816,False,0.0,4.4
1999-03,Explosion,1,1,1.759,4.816,False,0.0,4.2
1999-04,Explosion,1,1,1.53,4.722,False,0.0,4.3
1999-05,Explosion,1,1,1.53,4.722,False,0.0,4.2
1999-06,Explosion,1,1,1.53,4.722,False,0.033,4.3
1999-07,Explosion,1,1,1.79,4.791,False,0.033,4.3
1999-08,Explosion,1,1,1.79,4.791,False,0.033,4.2
1999-09,Explosion,1,1,1.79,4.791,False,0.0,4.2
1999-10,Explosion,1,1,2.36,4.824,False,0.0,4.1
1999-11,Explosion,1,1,2.36,4.824,False,0.0,4.1
1999-12,Explosion,1,1,2.36,4.824,False,0.0,4.0
2000-01,Explosion,1,1,1.668,4.225,False,0.0,4.0
2000-02,Explosion,1,1,1.668,4.225,False,0.0,4.1
2000-03,Explosion,1,1,1.668,4.225,False,0.0,4.0
2000-04,Explosion,1,1,2.452,5.244,False,0.0,3.8
2000-05,Explosion,1,1,2.452,5.244,False,0.0,4.0
2000-06,Explosion,1,1,2.452,5.244,False,0.0,4.0
2000-07,Ralentissement,1,0,1.578,3.973,False,0.067,4.0
2000-08,Ralentissement,1,0,1.578,3.973,False,0.1,4.1
2000-09,Ralentissement,1,0,1.578,3.973,False,0.067,3.9
2000-10,Ralentissement,1,0,1.247,2.906,False,0.033,3.9
2000-11,Ralentissement,1,0,1.247,2.906,False,0.0,3.9
2000-12,Ralentissement,1,0,1.247,2.906,False,0.0,3.9
2001-01,Ralentissement,1,0,0.043,2.198,False,0.1,4.2
2001-02,Ralentissement,1,0,0.043,2.198,False,0.2,4.2
2001-03,Ralentissement,1,0,0.043,2.198,False,0.333,4.3
2001-04,Decrochage,0,0,-0.151,0.996,False,0.4,4.4
2001-05,Decrochage,0,0,-0.151,0.996,False,0.433,4.3
2001-06,Decrochage,0,0,-0.151,0.996,False,0.5,4.5
2001-07,Decrochage,0,0,-1.306,0.489,False,0.567,4.6
2001-08,Decrochage,0,0,-1.306,0.489,False,0.767,4.9
2001-09,Decrochage,0,0,-1.306,0.489,False,0.933,5.0
2001-10,Decrochage,0,0,-1.73,0.167,False,1.167,5.3
2001-11,Decrochage,0,0,-1.73,0.167,False,1.367,5.5
2001-12,Decrochage,0,0,-1.73,0.167,False,1.5,5.7
2002-01,Reprise,0,1,-1.548,1.337,False,1.533,5.7
2002-02,Reprise,0,1,-1.548,1.337,False,1.467,5.7
2002-03,Reprise,0,1,-1.548,1.337,False,1.4,5.7
2002-04,Reprise,0,1,-1.552,1.325,False,1.433,5.9
2002-05,Reprise,0,1,-1.552,1.325,False,1.4,5.8
2002-06,Reprise,0,1,-1.552,1.325,False,1.367,5.8
2002-07,Reprise,0,1,-1.741,2.147,False,1.133,5.8
2002-08,Reprise,0,1,-1.741,2.147,False,0.933,5.7
2002-09,Reprise,0,1,-1.741,2.147,False,0.667,5.7
2002-10,Reprise,0,1,-2.198,1.993,False,0.433,5.7
2002-11,Reprise,0,1,-2.198,1.993,False,0.267,5.9
2002-12,Reprise,0,1,-2.198,1.993,False,0.233,6.0
2003-01,Reprise,0,1,-2.253,1.679,False,0.2,5.8
2003-02,Reprise,0,1,-2.253,1.679,False,0.2,5.9
2003-03,Reprise,0,1,-2.253,1.679,False,0.167,5.9
2003-04,Reprise,0,1,-1.958,1.955,False,0.233,6.0
2003-05,Reprise,0,1,-1.958,1.955,False,0.3,6.1
2003-06,Reprise,0,1,-1.958,1.955,False,0.433,6.3
2003-07,Reprise,0,1,-0.899,3.231,False,0.5,6.2
2003-08,Reprise,0,1,-0.899,3.231,False,0.5,6.1
2003-09,Reprise,0,1,-0.899,3.231,False,0.433,6.1
2003-10,Reprise,0,1,-0.35,4.3,False,0.3,6.0
2003-11,Reprise,0,1,-0.35,4.3,False,0.1,5.8
2003-12,Reprise,0,1,-0.35,4.3,False,0.0,5.7
2004-01,Reprise,0,1,-0.406,4.342,False,0.0,5.7
2004-02,Reprise,0,1,-0.406,4.342,False,0.0,5.6
2004-03,Reprise,0,1,-0.406,4.342,False,0.033,5.8
2004-04,Ralentissement,1,0,-0.263,4.227,False,0.0,5.6
2004-05,Ralentissement,1,0,-0.263,4.227,False,0.0,5.6
2004-06,Ralentissement,1,0,-0.263,4.227,False,0.0,5.6
2004-07,Ralentissement,1,0,0.04,3.495,False,0.0,5.5
2004-08,Ralentissement,1,0,0.04,3.495,False,0.0,5.4
2004-09,Ralentissement,1,0,0.04,3.495,False,0.0,5.4
2004-10,Ralentissement,1,0,0.406,3.351,False,0.0,5.5
2004-11,Ralentissement,1,0,0.406,3.351,False,0.0,5.4
2004-12,Ralentissement,1,0,0.406,3.351,False,0.0,5.4
2005-01,Ralentissement,1,0,0.871,3.909,False,0.0,5.3
2005-02,Ralentissement,1,0,0.871,3.909,False,0.0,5.4
2005-03,Ralentissement,1,0,0.871,3.909,False,0.0,5.2
2005-04,Ralentissement,1,0,0.741,3.618,False,0.0,5.2
2005-05,Ralentissement,1,0,0.741,3.618,False,0.0,5.1
2005-06,Ralentissement,1,0,0.741,3.618,False,0.0,5.0
2005-07,Ralentissement,1,0,0.91,3.449,False,0.0,5.0
2005-08,Ralentissement,1,0,0.91,3.449,False,0.0,4.9
2005-09,Ralentissement,1,0,0.91,3.449,False,0.0,5.0
2005-10,Ralentissement,1,0,0.864,2.973,False,0.0,5.0
2005-11,Ralentissement,1,0,0.864,2.973,False,0.033,5.0
2005-12,Ralentissement,1,0,0.864,2.973,False,0.0,4.9
2006-01,Ralentissement,1,0,1.616,3.213,False,0.0,4.7
2006-02,Ralentissement,1,0,1.616,3.213,False,0.0,4.8
2006-03,Ralentissement,1,0,1.616,3.213,False,0.0,4.7
2006-04,Ralentissement,1,0,1.308,2.973,False,0.0,4.7
2006-05,Ralentissement,1,0,1.308,2.973,False,0.0,4.6
2006-06,Ralentissement,1,0,1.308,2.973,False,0.0,4.6
2006-07,Ralentissement,1,0,0.918,2.325,False,0.0,4.7
2006-08,Ralentissement,1,0,0.918,2.325,False,0.033,4.7
2006-09,Ralentissement,1,0,0.918,2.325,False,0.0,4.5
2006-10,Ralentissement,1,0,1.26,2.635,False,0.0,4.4
2006-11,Ralentissement,1,0,1.26,2.635,False,0.0,4.5
2006-12,Ralentissement,1,0,1.26,2.635,False,0.0,4.4
2007-01,Ralentissement,1,0,1.048,1.577,False,0.067,4.6
2007-02,Ralentissement,1,0,1.048,1.577,False,0.067,4.5
2007-03,Ralentissement,1,0,1.048,1.577,False,0.067,4.4
2007-04,Ralentissement,1,0,1.145,1.934,False,0.033,4.5
2007-05,Ralentissement,1,0,1.145,1.934,False,0.0,4.4
2007-06,Ralentissement,1,0,1.145,1.934,False,0.067,4.6
2007-07,Ralentissement,1,0,1.206,2.368,False,0.133,4.7
2007-08,Ralentissement,1,0,1.206,2.368,False,0.2,4.6
2007-09,Ralentissement,1,0,1.206,2.368,False,0.233,4.7
2007-10,Ralentissement,1,0,1.33,2.133,False,0.233,4.7
2007-11,Ralentissement,1,0,1.33,2.133,False,0.267,4.7
2007-12,Ralentissement,1,0,1.33,2.133,False,0.367,5.0
2008-01,Ralentissement,1,0,0.406,1.392,False,0.467,5.0
2008-02,Ralentissement,1,0,0.406,1.392,False,0.533,4.9
2008-03,Ralentissement,1,0,0.406,1.392,False,0.567,5.1
2008-04,Ralentissement,1,0,0.526,1.376,False,0.567,5.0
2008-05,Ralentissement,1,0,0.526,1.376,False,0.667,5.4
2008-06,Ralentissement,1,0,0.526,1.376,False,0.767,5.6
2008-07,Decrochage,0,0,-0.447,0.266,False,0.967,5.8
2008-08,Decrochage,0,0,-0.447,0.266,False,1.167,6.1
2008-09,Decrochage,0,0,-0.447,0.266,False,1.333,6.1
2008-10,Decrochage,0,0,-3.074,-2.541,False,1.533,6.5
2008-11,Decrochage,0,0,-3.074,-2.541,False,1.667,6.8
2008-12,Decrochage,0,0,-3.074,-2.541,False,1.967,7.3
2009-01,Decrochage,0,0,-4.59,-3.234,False,2.333,7.8
2009-02,Decrochage,0,0,-4.59,-3.234,False,2.8,8.3
2009-03,Decrochage,0,0,-4.59,-3.234,False,3.267,8.7
2009-04,Decrochage,0,0,-5.113,-3.979,False,3.5,9.0
2009-05,Decrochage,0,0,-5.113,-3.979,False,3.7,9.4
2009-06,Decrochage,0,0,-5.113,-3.979,False,3.7,9.5
2009-07,Reprise,0,1,-5.082,-3.133,False,3.633,9.5
2009-08,Reprise,0,1,-5.082,-3.133,False,3.533,9.6
2009-09,Reprise,0,1,-5.082,-3.133,False,3.4,9.8
2009-10,Reprise,0,1,-4.314,0.106,False,3.333,10.0
2009-11,Reprise,0,1,-4.314,0.106,False,3.033,9.9
2009-12,Reprise,0,1,-4.314,0.106,False,2.633,9.9
2010-01,Reprise,0,1,-4.143,1.745,False,2.067,9.8
2010-02,Reprise,0,1,-4.143,1.745,False,1.567,9.8
2010-03,Reprise,0,1,-4.143,1.745,False,1.167,9.9
2010-04,Reprise,0,1,-3.5,2.914,False,0.833,9.9
2010-05,Reprise,0,1,-3.5,2.914,False,0.5,9.6
2010-06,Reprise,0,1,-3.5,2.914,False,0.167,9.4
2010-07,Reprise,0,1,-3.07,3.344,False,0.0,9.4
2010-08,Reprise,0,1,-3.07,3.344,False,0.0,9.5
2010-09,Reprise,0,1,-3.07,3.344,False,0.033,9.5
2010-10,Decrochage,0,0,-2.898,2.776,False,0.033,9.4
2010-11,Decrochage,0,0,-2.898,2.776,False,0.133,9.8
2010-12,Decrochage,0,0,-2.898,2.776,False,0.067,9.3
2011-01,Decrochage,0,0,-3.503,2.038,False,0.0,9.1
2011-02,Decrochage,0,0,-3.503,2.038,False,0.0,9.0
2011-03,Decrochage,0,0,-3.503,2.038,False,0.0,9.0
2011-04,Decrochage,0,0,-3.206,1.744,False,0.0,9.1
2011-05,Decrochage,0,0,-3.206,1.744,False,0.0,9.0
2011-06,Decrochage,0,0,-3.206,1.744,False,0.033,9.1
2011-07,Decrochage,0,0,-3.614,0.943,False,0.0,9.0
2011-08,Decrochage,0,0,-3.614,0.943,False,0.0,9.0
2011-09,Decrochage,0,0,-3.614,0.943,False,0.0,9.0
2011-10,Reprise,0,1,-2.897,1.543,False,0.0,8.8
2011-11,Reprise,0,1,-2.897,1.543,False,0.0,8.6
2011-12,Reprise,0,1,-2.897,1.543,False,0.0,8.5
2012-01,Reprise,0,1,-2.475,2.638,False,0.0,8.3
2012-02,Reprise,0,1,-2.475,2.638,False,0.0,8.3
2012-03,Reprise,0,1,-2.475,2.638,False,0.0,8.2
2012-04,Reprise,0,1,-2.452,2.403,False,0.0,8.2
2012-05,Reprise,0,1,-2.452,2.403,False,0.0,8.2
2012-06,Reprise,0,1,-2.452,2.403,False,0.0,8.2
2012-07,Reprise,0,1,-2.736,2.574,False,0.0,8.2
2012-08,Reprise,0,1,-2.736,2.574,False,0.0,8.1
2012-09,Reprise,0,1,-2.736,2.574,False,0.0,7.8
2012-10,Reprise,0,1,-3.054,1.552,False,0.0,7.8
2012-11,Reprise,0,1,-3.054,1.552,False,0.0,7.7
2012-12,Reprise,0,1,-3.054,1.552,False,0.033,7.9
2013-01,Reprise,0,1,-2.518,1.701,False,0.1,8.0
2013-02,Reprise,0,1,-2.518,1.701,False,0.1,7.7
2013-03,Reprise,0,1,-2.518,1.701,False,0.0,7.5
2013-04,Reprise,0,1,-2.701,1.52,False,0.0,7.6
2013-05,Reprise,0,1,-2.701,1.52,False,0.0,7.5
2013-06,Reprise,0,1,-2.701,1.52,False,0.0,7.5
2013-07,Reprise,0,1,-2.306,2.237,False,0.0,7.3
2013-08,Reprise,0,1,-2.306,2.237,False,0.0,7.2
2013-09,Reprise,0,1,-2.306,2.237,False,0.0,7.2
2013-10,Reprise,0,1,-1.899,3.009,False,0.0,7.2
2013-11,Reprise,0,1,-1.899,3.009,False,0.0,6.9
2013-12,Reprise,0,1,-1.899,3.009,False,0.0,6.7
2014-01,Reprise,0,1,-2.715,1.651,False,0.0,6.6
2014-02,Reprise,0,1,-2.715,1.651,False,0.0,6.7
2014-03,Reprise,0,1,-2.715,1.651,False,0.0,6.7
2014-04,Reprise,0,1,-1.906,2.689,False,0.0,6.2
2014-05,Reprise,0,1,-1.906,2.689,False,0.0,6.3
2014-06,Reprise,0,1,-1.906,2.689,False,0.0,6.1
2014-07,Reprise,0,1,-1.183,3.06,False,0.0,6.2
2014-08,Reprise,0,1,-1.183,3.06,False,0.0,6.1
2014-09,Reprise,0,1,-1.183,3.06,False,0.0,5.9
2014-10,Reprise,0,1,-1.171,2.686,False,0.0,5.7
2014-11,Reprise,0,1,-1.171,2.686,False,0.0,5.8
2014-12,Reprise,0,1,-1.171,2.686,False,0.0,5.6
2015-01,Reprise,0,1,-0.775,3.969,False,0.0,5.7
2015-02,Reprise,0,1,-0.775,3.969,False,0.0,5.5
2015-03,Reprise,0,1,-0.775,3.969,False,0.0,5.4
2015-04,Decrochage,0,0,-0.662,3.279,False,0.0,5.4
2015-05,Decrochage,0,0,-0.662,3.279,False,0.033,5.6
2015-06,Decrochage,0,0,-0.662,3.279,False,0.0,5.3
2015-07,Decrochage,0,0,-0.769,2.447,False,0.0,5.2
2015-08,Decrochage,0,0,-0.769,2.447,False,0.0,5.1
2015-09,Decrochage,0,0,-0.769,2.447,False,0.0,5.0
2015-10,Decrochage,0,0,-1.095,2.12,False,0.0,5.0
2015-11,Decrochage,0,0,-1.095,2.12,False,0.0,5.1
2015-12,Decrochage,0,0,-1.095,2.12,False,0.0,5.0
2016-01,Decrochage,0,0,-1.029,1.795,False,0.0,4.8
2016-02,Decrochage,0,0,-1.029,1.795,False,0.0,4.9
2016-03,Decrochage,0,0,-1.029,1.795,False,0.0,5.0
2016-04,Decrochage,0,0,-1.219,1.493,False,0.1,5.1
2016-05,Decrochage,0,0,-1.219,1.493,False,0.067,4.8
2016-06,Decrochage,0,0,-1.219,1.493,False,0.033,4.9
2016-07,Reprise,0,1,-1.017,1.806,False,0.0,4.8
2016-08,Reprise,0,1,-1.017,1.806,False,0.033,4.9
2016-09,Reprise,0,1,-1.017,1.806,False,0.067,5.0
2016-10,Reprise,0,1,-0.964,2.182,False,0.1,4.9
2016-11,Reprise,0,1,-0.964,2.182,False,0.033,4.7
2016-12,Reprise,0,1,-0.964,2.182,False,0.0,4.7
2017-01,Reprise,0,1,-0.976,2.087,False,0.0,4.7
2017-02,Reprise,0,1,-0.976,2.087,False,0.0,4.6
2017-03,Reprise,0,1,-0.976,2.087,False,0.0,4.4
2017-04,Reprise,0,1,-0.913,2.33,False,0.0,4.4
2017-05,Reprise,0,1,-0.913,2.33,False,0.0,4.4
2017-06,Reprise,0,1,-0.913,2.33,False,0.0,4.3
2017-07,Reprise,0,1,-0.624,2.411,False,0.0,4.3
2017-08,Reprise,0,1,-0.624,2.411,False,0.0,4.4
2017-09,Reprise,0,1,-0.624,2.411,False,0.0,4.3
2017-10,Reprise,0,1,-0.002,2.994,False,0.0,4.2
2017-11,Reprise,0,1,-0.002,2.994,False,0.0,4.2
2017-12,Reprise,0,1,-0.002,2.994,False,0.0,4.1
2018-01,Ralentissement,1,0,0.304,3.329,False,0.0,4.0
2018-02,Ralentissement,1,0,0.304,3.329,False,0.0,4.1
2018-03,Ralentissement,1,0,0.304,3.329,False,0.0,4.0
2018-04,Ralentissement,1,0,0.321,3.299,False,0.0,4.0
2018-05,Ralentissement,1,0,0.321,3.299,False,0.0,3.8
2018-06,Ralentissement,1,0,0.321,3.299,False,0.0,4.0
2018-07,Ralentissement,1,0,0.43,3.13,False,0.0,3.8
2018-08,Ralentissement,1,0,0.43,3.13,False,0.0,3.8
2018-09,Ralentissement,1,0,0.43,3.13,False,0.0,3.7
2018-10,Ralentissement,1,0,0.052,2.125,False,0.0,3.8
2018-11,Ralentissement,1,0,0.052,2.125,False,0.0,3.8
2018-12,Ralentissement,1,0,0.052,2.125,False,0.067,3.9
2019-01,Ralentissement,1,0,0.146,1.934,False,0.133,4.0
2019-02,Ralentissement,1,0,0.146,1.934,False,0.133,3.8
2019-03,Ralentissement,1,0,0.146,1.934,False,0.1,3.8
2019-04,Ralentissement,1,0,0.45,2.242,False,0.0,3.7
2019-05,Ralentissement,1,0,0.45,2.242,False,0.0,3.6
2019-06,Ralentissement,1,0,0.45,2.242,False,0.0,3.6
2019-07,Ralentissement,1,0,1.088,2.797,False,0.0,3.7
2019-08,Ralentissement,1,0,1.088,2.797,False,0.0,3.6
2019-09,Ralentissement,1,0,1.088,2.797,False,0.0,3.5
2019-10,Ralentissement,1,0,1.259,3.352,False,0.0,3.6
2019-11,Ralentissement,1,0,1.259,3.352,False,0.0,3.6
2019-12,Ralentissement,1,0,1.259,3.352,False,0.033,3.6
2020-01,Decrochage,0,0,-0.562,1.359,False,0.033,3.6
2020-02,Decrochage,0,0,-0.562,1.359,False,0.0,3.5
2020-03,Decrochage,0,0,-0.562,1.359,False,0.267,4.4
2020-04,Decrochage,0,0,-9.245,-7.399,False,4.0,14.8
2020-05,Decrochage,0,0,-9.245,-7.399,False,7.233,13.2
2020-06,Decrochage,0,0,-9.245,-7.399,False,9.433,11.0
2020-07,Reprise,0,1,-2.221,-1.365,False,7.9,10.2
2020-08,Reprise,0,1,-2.221,-1.365,False,6.3,8.4
2020-09,Reprise,0,1,-2.221,-1.365,False,5.233,7.8
2020-10,Reprise,0,1,-1.55,-0.922,False,4.1,6.8
2020-11,Reprise,0,1,-1.55,-0.922,False,3.533,6.7
2020-12,Reprise,0,1,-1.55,-0.922,False,3.167,6.7
2021-01,Reprise,0,1,-0.637,1.801,False,3.033,6.4
2021-02,Reprise,0,1,-0.637,1.801,False,2.6,6.2
2021-03,Reprise,0,1,-0.637,1.801,False,0.0,6.1
2021-04,Ralentissement,1,0,0.555,12.386,False,0.0,6.1
2021-05,Ralentissement,1,0,0.555,12.386,False,0.0,5.8
2021-06,Ralentissement,1,0,0.555,12.386,False,0.0,5.9
2021-07,Ralentissement,1,0,0.848,5.151,False,0.0,5.4
2021-08,Ralentissement,1,0,0.848,5.151,False,0.0,5.1
2021-09,Ralentissement,1,0,0.848,5.151,False,0.0,4.7
2021-10,Ralentissement,1,0,1.997,5.756,False,0.0,4.5
2021-11,Ralentissement,1,0,1.997,5.756,False,0.0,4.1
2021-12,Ralentissement,1,0,1.997,5.756,False,0.0,3.9
2022-01,Ralentissement,1,0,1.165,4.035,False,0.0,4.0
2022-02,Ralentissement,1,0,1.165,4.035,False,0.0,3.8
2022-03,Ralentissement,1,0,1.165,4.035,False,0.0,3.6
2022-04,Ralentissement,1,0,0.722,2.454,False,0.0,3.7
2022-05,Ralentissement,1,0,0.722,2.454,False,0.0,3.6
2022-06,Ralentissement,1,0,0.722,2.454,False,0.0,3.6
2022-07,Ralentissement,1,0,0.821,2.349,False,0.0,3.5
2022-08,Ralentissement,1,0,0.821,2.349,False,0.0,3.6
2022-09,Ralentissement,1,0,0.821,2.349,False,0.0,3.5
2022-10,Ralentissement,1,0,0.873,1.317,False,0.033,3.6
2022-11,Ralentissement,1,0,0.873,1.317,False,0.033,3.6
2022-12,Ralentissement,1,0,0.873,1.317,False,0.033,3.5
2023-01,Explosion,1,1,0.941,2.311,False,0.0,3.4
2023-02,Explosion,1,1,0.941,2.311,False,0.0,3.6
2023-03,Explosion,1,1,0.941,2.311,False,0.0,3.5
2023-04,Explosion,1,1,0.901,2.793,False,0.0,3.4
2023-05,Explosion,1,1,0.901,2.793,False,0.033,3.7
2023-06,Explosion,1,1,0.901,2.793,False,0.067,3.6
2023-07,Explosion,1,1,1.382,3.233,False,0.1,3.5
2023-08,Explosion,1,1,1.382,3.233,False,0.133,3.8
2023-09,Explosion,1,1,1.382,3.233,False,0.2,3.8
2023-10,Explosion,1,1,1.556,3.391,False,0.3,3.8
2023-11,Explosion,1,1,1.556,3.391,False,0.267,3.7
2023-12,Explosion,1,1,1.556,3.391,False,0.233,3.7
2024-01,Ralentissement,1,0,1.103,2.863,False,0.2,3.7
2024-02,Ralentissement,1,0,1.103,2.863,False,0.267,3.9
2024-03,Ralentissement,1,0,1.103,2.863,False,0.3,3.8
2024-04,Ralentissement,1,0,1.329,3.127,False,0.333,3.9
2024-05,Ralentissement,1,0,1.329,3.127,False,0.333,4.0
2024-06,Ralentissement,1,0,1.329,3.127,False,,
2024-07,Ralentissement,1,0,1.509,2.791,False,,
2024-08,Ralentissement,1,0,1.509,2.791,False,,
2024-09,Ralentissement,1,0,1.509,2.791,False,,
2024-10,Ralentissement,1,0,1.345,2.4,False,,
2024-11,Ralentissement,1,0,1.345,2.4,False,,
2024-12,Ralentissement,1,0,1.345,2.4,False,,
2025-01,Ralentissement,1,0,0.569,2.019,False,,
2025-02,Ralentissement,1,0,0.569,2.019,False,,
2025-03,Ralentissement,1,0,0.569,2.019,False,,
2025-04,Ralentissement,1,0,0.94,2.08,False,,
2025-05,Ralentissement,1,0,0.94,2.08,False,,
2025-06,Ralentissement,1,0,0.94,2.08,False,,
2025-07,Ralentissement,1,0,1.453,2.335,False,,
2025-08,Ralentissement,1,0,1.453,2.335,False,,
2025-09,Ralentissement,1,0,1.453,2.335,False,,
2025-10,Ralentissement,1,0,1.022,1.989,False,,
2025-11,Ralentissement,1,0,1.022,1.989,False,,
2025-12,Ralentissement,1,0,1.022,1.989,False,,
2026-01,Explosion,1,1,0.978,2.685,True,,
2026-02,Explosion,1,1,0.978,2.685,True,,
2026-03,Explosion,1,1,0.978,2.685,True,,
2026-04,Explosion,1,1,0.822,2.098,True,,
2026-05,Explosion,1,1,0.822,2.098,True,,
2026-06,Explosion,1,1,0.822,2.098,True,,
