date,gap,croissance,niveau,momentum,phase,provisoire
1950Q2,1.489,7.303,1,1,Explosion,False
1950Q3,3.396,10.31,1,1,Explosion,False
1950Q4,3.479,13.372,1,1,Explosion,False
1951Q1,3.142,10.565,1,0,Ralentissement,False
1951Q2,3.225,9.15,1,0,Ralentissement,False
1951Q3,3.576,7.253,1,0,Ralentissement,False
1951Q4,2.208,5.468,1,0,Ralentissement,False
1952Q1,1.666,5.165,1,0,Ralentissement,False
1952Q2,0.192,3.596,1,0,Ralentissement,False
1952Q3,-0.65,2.237,1,0,Ralentissement,False
1952Q4,0.762,5.364,1,1,Explosion,False
1953Q1,1.064,6.19,1,1,Explosion,False
1953Q2,0.542,6.782,1,1,Explosion,False
1953Q3,-0.874,5.421,0,0,Decrochage,False
1953Q4,-2.911,0.524,0,0,Decrochage,False
1954Q1,-3.744,-1.782,0,0,Decrochage,False
1954Q2,-3.83,-2.429,0,0,Decrochage,False
1954Q3,-2.846,-0.768,0,1,Reprise,False
1954Q4,-1.268,2.729,0,1,Reprise,False
1955Q1,0.997,6.17,1,1,Explosion,False
1955Q2,1.837,7.78,1,1,Explosion,False
1955Q3,2.317,8.016,1,1,Explosion,False
1955Q4,2.208,6.579,1,0,Ralentissement,False
1956Q1,1.26,3.217,1,0,Ralentissement,False
1956Q2,1.504,2.403,1,0,Ralentissement,False
1956Q3,0.751,0.948,1,0,Ralentissement,False
1956Q4,1.417,1.997,1,0,Ralentissement,False
1957Q1,0.948,3.05,1,0,Ralentissement,False
1957Q2,-0.387,1.981,1,0,Ralentissement,False
1957Q3,-0.53,3.073,1,0,Ralentissement,False
1957Q4,-2.451,0.355,0,0,Decrochage,False
1958Q1,-5.484,-2.872,0,0,Decrochage,False
1958Q2,-5.154,-2.02,0,1,Reprise,False
1958Q3,-3.256,-0.726,0,1,Reprise,False
1958Q4,-1.495,2.657,0,1,Reprise,False
1959Q1,-0.322,7.415,0,1,Reprise,False
1959Q2,1.058,9.119,1,0,Ralentissement,False
1959Q3,0.25,6.726,1,0,Ralentissement,False
1959Q4,-0.208,4.585,1,0,Ralentissement,False
1960Q1,1.148,4.924,1,0,Ralentissement,False
1960Q2,-0.191,2.059,1,0,Ralentissement,False
1960Q3,-0.435,2.488,1,0,Ralentissement,False
1960Q4,-2.399,0.885,0,0,Decrochage,False
1961Q1,-2.658,-0.668,0,0,Decrochage,False
1961Q2,-1.944,1.566,0,1,Reprise,False
1961Q3,-0.994,3.012,0,1,Reprise,False
1961Q4,0.035,6.397,0,1,Reprise,False
1962Q1,0.876,7.569,1,0,Ralentissement,False
1962Q2,0.929,6.73,1,0,Ralentissement,False
1962Q3,1.17,6.007,1,0,Ralentissement,False
1962Q4,0.491,4.31,1,0,Ralentissement,False
1963Q1,0.656,3.601,1,0,Ralentissement,False
1963Q2,0.708,3.825,1,1,Explosion,False
1963Q3,1.68,4.819,1,1,Explosion,False
1963Q4,0.971,5.16,1,1,Explosion,False
1964Q1,1.598,6.217,1,1,Explosion,False
1964Q2,1.273,6.182,1,1,Explosion,False
1964Q3,1.455,5.521,1,1,Explosion,False
1964Q4,0.55,5.158,1,1,Explosion,False
1965Q1,1.67,5.478,1,1,Explosion,False
1965Q2,1.664,5.66,1,1,Explosion,False
1965Q3,2.501,6.347,1,1,Explosion,False
1965Q4,3.263,8.462,1,1,Explosion,False
1966Q1,4.038,8.477,1,1,Explosion,False
1966Q2,2.812,7.489,1,0,Ralentissement,False
1966Q3,2.191,6.042,1,0,Ralentissement,False
1966Q4,1.539,4.504,1,0,Ralentissement,False
1967Q1,1.038,2.925,1,0,Ralentissement,False
1967Q2,-0.202,2.638,1,0,Ralentissement,False
1967Q3,-0.509,2.739,1,0,Ralentissement,False
1967Q4,-1.051,2.671,0,1,Reprise,False
1968Q1,-0.284,3.845,0,1,Reprise,False
1968Q2,0.106,5.515,0,1,Reprise,False
1968Q3,-0.277,5.335,0,0,Decrochage,False
1968Q4,-0.881,4.958,0,0,Decrochage,False
1969Q1,-0.218,4.469,0,0,Decrochage,False
1969Q2,-0.764,3.065,0,0,Decrochage,False
1969Q3,-0.902,2.948,0,0,Decrochage,False
1969Q4,-2.055,2.044,0,0,Decrochage,False
1970Q1,-2.765,0.323,0,0,Decrochage,False
1970Q2,-3.171,0.161,0,0,Decrochage,False
1970Q3,-2.789,0.421,0,0,Decrochage,False
1970Q4,-4.246,-0.167,0,0,Decrochage,False
1971Q1,-2.014,2.697,0,1,Reprise,False
1971Q2,-1.853,3.106,0,1,Reprise,False
1971Q3,-1.44,3.005,0,1,Reprise,False
1971Q4,-1.623,4.366,0,1,Reprise,False
1972Q1,-0.269,3.473,0,1,Reprise,False
1972Q2,1.324,5.251,1,1,Explosion,False
1972Q3,1.567,5.378,1,1,Explosion,False
1972Q4,2.329,6.892,1,1,Explosion,False
1973Q1,3.641,7.561,1,1,Explosion,False
1973Q2,3.486,6.32,1,0,Ralentissement,False
1973Q3,1.839,4.771,1,0,Ralentissement,False
1973Q4,1.49,4.024,1,0,Ralentissement,False
1974Q1,-0.372,0.639,1,0,Ralentissement,False
1974Q2,-1.102,-0.208,0,0,Decrochage,False
1974Q3,-2.849,-0.629,0,0,Decrochage,False
1974Q4,-3.962,-1.946,0,0,Decrochage,False
1975Q1,-5.627,-2.3,0,0,Decrochage,False
1975Q2,-5.206,-1.835,0,1,Reprise,False
1975Q3,-3.85,0.799,0,1,Reprise,False
1975Q4,-2.823,2.555,0,1,Reprise,False
1976Q1,-0.884,6.154,0,1,Reprise,False
1976Q2,-0.421,6.174,0,1,Reprise,False
1976Q3,-0.254,4.958,0,0,Decrochage,False
1976Q4,0.095,4.312,0,0,Decrochage,False
1977Q1,0.705,3.227,1,1,Explosion,False
1977Q2,1.901,4.465,1,1,Explosion,False
1977Q3,2.724,5.77,1,1,Explosion,False
1977Q4,1.713,5.013,1,1,Explosion,False
1978Q1,0.88,4.114,1,1,Explosion,False
1978Q2,3.259,6.078,1,1,Explosion,False
1978Q3,2.896,5.247,1,1,Explosion,False
1978Q4,2.868,6.66,1,1,Explosion,False
1979Q1,1.848,6.51,1,0,Ralentissement,False
1979Q2,0.857,2.657,1,0,Ralentissement,False
1979Q3,0.542,2.389,1,0,Ralentissement,False
1979Q4,-0.163,1.284,1,0,Ralentissement,False
1980Q1,-0.663,1.421,0,0,Decrochage,False
1980Q2,-3.165,-0.775,0,0,Decrochage,False
1980Q3,-3.484,-1.624,0,0,Decrochage,False
1980Q4,-2.038,-0.039,0,1,Reprise,False
1981Q1,-0.711,1.6,0,1,Reprise,False
1981Q2,-1.75,2.969,0,1,Reprise,False
1981Q3,-0.923,4.326,0,1,Reprise,False
1981Q4,-2.231,1.3,0,0,Decrochage,False
1982Q1,-3.907,-2.191,0,0,Decrochage,False
1982Q2,-3.616,-1.011,0,0,Decrochage,False
1982Q3,-4.088,-2.556,0,0,Decrochage,False
1982Q4,-4.132,-1.443,0,1,Reprise,False
1983Q1,-2.977,1.431,0,1,Reprise,False
1983Q2,-1.238,3.268,0,1,Reprise,False
1983Q3,0.062,5.737,0,1,Reprise,False
1983Q4,1.426,7.9,1,1,Explosion,False
1984Q1,2.655,8.578,1,1,Explosion,False
1984Q2,3.45,7.997,1,0,Ralentissement,False
1984Q3,3.513,6.901,1,0,Ralentissement,False
1984Q4,3.279,5.576,1,0,Ralentissement,False
1985Q1,2.993,4.555,1,0,Ralentissement,False
1985Q2,2.596,3.684,1,0,Ralentissement,False
1985Q3,2.695,4.262,1,0,Ralentissement,False
1985Q4,1.976,4.182,1,0,Ralentissement,False
1986Q1,1.495,4.146,1,0,Ralentissement,False
1986Q2,0.7,3.702,1,0,Ralentissement,False
1986Q3,0.506,3.119,1,0,Ralentissement,False
1986Q4,0.032,2.907,1,0,Ralentissement,False
1987Q1,-0.13,2.712,1,0,Ralentissement,False
1987Q2,0.106,3.354,1,0,Ralentissement,False
1987Q3,0.151,3.262,1,0,Ralentissement,False
1987Q4,0.959,4.475,1,0,Ralentissement,False
1988Q1,0.622,4.241,1,0,Ralentissement,False
1988Q2,1.04,4.484,1,0,Ralentissement,False
1988Q3,0.816,4.193,1,0,Ralentissement,False
1988Q4,1.28,3.799,1,0,Ralentissement,False
1989Q1,1.422,4.315,1,0,Ralentissement,False
1989Q2,1.287,3.748,1,0,Ralentissement,False
1989Q3,1.144,3.908,1,0,Ralentissement,False
1989Q4,0.485,2.743,1,0,Ralentissement,False
1990Q1,0.684,2.821,1,0,Ralentissement,False
1990Q2,0.218,2.413,1,0,Ralentissement,False
1990Q3,-0.472,1.727,1,0,Ralentissement,False
1990Q4,-1.92,0.603,0,0,Decrochage,False
1991Q1,-2.839,-0.95,0,0,Decrochage,False
1991Q2,-2.466,-0.539,0,1,Reprise,False
1991Q3,-2.364,-0.103,0,1,Reprise,False
1991Q4,-2.351,1.166,0,1,Reprise,False
1992Q1,-1.523,2.859,0,1,Reprise,False
1992Q2,-0.845,3.17,0,1,Reprise,False
1992Q3,-0.297,3.665,0,1,Reprise,False
1992Q4,0.224,4.383,0,1,Reprise,False
1993Q1,-0.064,3.32,0,0,Decrochage,False
1993Q2,0.037,2.807,0,0,Decrochage,False
1993Q3,-0.003,2.287,0,0,Decrochage,False
1993Q4,0.64,2.608,0,0,Decrochage,False
1994Q1,0.776,3.431,1,1,Explosion,False
1994Q2,1.251,4.226,1,1,Explosion,False
1994Q3,0.958,4.337,1,1,Explosion,False
1994Q4,1.156,4.116,1,0,Ralentissement,False
1995Q1,0.641,3.481,1,0,Ralentissement,False
1995Q2,0.138,2.402,1,0,Ralentissement,False
1995Q3,0.199,2.673,1,0,Ralentissement,False
1995Q4,0.113,2.2,1,0,Ralentissement,False
1996Q1,0.044,2.601,1,1,Explosion,False
1996Q2,0.764,4.002,1,1,Explosion,False
1996Q3,0.654,4.05,1,1,Explosion,False
1996Q4,0.684,4.421,1,1,Explosion,False
1997Q1,0.331,4.314,1,1,Explosion,False
1997Q2,0.952,4.311,1,1,Explosion,False
1997Q3,1.099,4.675,1,1,Explosion,False
1997Q4,0.881,4.484,1,1,Explosion,False
1998Q1,0.764,4.856,1,1,Explosion,False
1998Q2,0.524,4.093,1,1,Explosion,False
1998Q3,0.598,4.103,1,1,Explosion,False
1998Q4,0.956,4.883,1,1,Explosion,False
1999Q1,0.651,4.816,1,1,Explosion,False
1999Q2,0.335,4.722,1,1,Explosion,False
1999Q3,0.492,4.791,1,1,Explosion,False
1999Q4,0.923,4.824,1,1,Explosion,False
2000Q1,0.127,4.225,1,1,Explosion,False
2000Q2,0.801,5.244,1,1,Explosion,False
2000Q3,-0.088,3.973,1,0,Ralentissement,False
2000Q4,-0.418,2.906,1,0,Ralentissement,False
2001Q1,-1.522,2.198,0,0,Decrochage,False
2001Q2,-1.609,0.996,0,0,Decrochage,False
2001Q3,-2.544,0.489,0,0,Decrochage,False
2001Q4,-2.667,0.167,0,0,Decrochage,False
2002Q1,-2.209,1.337,0,1,Reprise,False
2002Q2,-1.957,1.325,0,1,Reprise,False
2002Q3,-1.851,2.147,0,1,Reprise,False
2002Q4,-1.928,1.993,0,1,Reprise,False
2003Q1,-1.656,1.679,0,1,Reprise,False
2003Q2,-0.994,1.955,0,1,Reprise,False
2003Q3,0.271,3.231,0,1,Reprise,False
2003Q4,0.954,4.3,1,1,Explosion,False
2004Q1,0.935,4.342,1,1,Explosion,False
2004Q2,1.087,4.227,1,0,Ralentissement,False
2004Q3,1.278,3.495,1,0,Ralentissement,False
2004Q4,1.466,3.351,1,0,Ralentissement,False
2005Q1,1.73,3.909,1,0,Ralentissement,False
2005Q2,1.409,3.618,1,0,Ralentissement,False
2005Q3,1.357,3.449,1,0,Ralentissement,False
2005Q4,1.056,2.973,1,0,Ralentissement,False
2006Q1,1.485,3.213,1,0,Ralentissement,False
2006Q2,0.904,2.973,1,0,Ralentissement,False
2006Q3,0.363,2.325,1,0,Ralentissement,False
2006Q4,0.571,2.635,1,0,Ralentissement,False
2007Q1,0.238,1.577,1,0,Ralentissement,False
2007Q2,0.218,1.934,1,0,Ralentissement,False
2007Q3,0.182,2.368,1,0,Ralentissement,False
2007Q4,0.229,2.133,1,0,Ralentissement,False
2008Q1,-0.657,1.392,1,0,Ralentissement,False
2008Q2,-0.519,1.376,1,0,Ralentissement,False
2008Q3,-1.378,0.266,0,0,Decrochage,False
2008Q4,-3.677,-2.541,0,0,Decrochage,False
2009Q1,-4.676,-3.234,0,0,Decrochage,False
2009Q2,-4.665,-3.979,0,0,Decrochage,False
2009Q3,-4.133,-3.133,0,1,Reprise,False
2009Q4,-2.901,0.106,0,1,Reprise,False
2010Q1,-2.297,1.745,0,1,Reprise,False
2010Q2,-1.267,2.914,0,1,Reprise,False
2010Q3,-0.481,3.344,0,1,Reprise,False
2010Q4,0.043,2.776,0,0,Decrochage,False
2011Q1,-0.236,2.038,0,0,Decrochage,False
2011Q2,0.373,1.744,0,0,Decrochage,False
2011Q3,0.228,0.943,0,0,Decrochage,False
2011Q4,0.931,1.543,1,1,Explosion,False
2012Q1,1.177,2.638,1,1,Explosion,False
2012Q2,0.978,2.403,1,1,Explosion,False
2012Q3,0.498,2.574,1,1,Explosion,False
2012Q4,0.075,1.552,1,1,Explosion,False
2013Q1,0.476,1.701,1,1,Explosion,False
2013Q2,0.226,1.52,1,1,Explosion,False
2013Q3,0.557,2.237,1,1,Explosion,False
2013Q4,0.881,3.009,1,1,Explosion,False
2014Q1,-0.001,1.651,1,1,Explosion,False
2014Q2,0.7,2.689,1,1,Explosion,False
2014Q3,1.22,3.06,1,1,Explosion,False
2014Q4,1.088,2.686,1,1,Explosion,False
2015Q1,1.343,3.969,1,1,Explosion,False
2015Q2,1.307,3.279,1,0,Ralentissement,False
2015Q3,1.036,2.447,1,0,Ralentissement,False
2015Q4,0.547,2.12,1,0,Ralentissement,False
2016Q1,0.488,1.795,1,0,Ralentissement,False
2016Q2,0.175,1.493,1,0,Ralentissement,False
2016Q3,0.27,1.806,1,0,Ralentissement,False
2016Q4,0.245,2.182,1,0,Ralentissement,False
2017Q1,0.088,2.087,1,0,Ralentissement,False
2017Q2,0.068,2.33,1,0,Ralentissement,False
2017Q3,0.311,2.411,1,0,Ralentissement,False
2017Q4,0.835,2.994,1,0,Ralentissement,False
2018Q1,1.051,3.329,1,0,Ralentissement,False
2018Q2,0.987,3.299,1,0,Ralentissement,False
2018Q3,0.995,3.13,1,0,Ralentissement,False
2018Q4,0.522,2.125,1,0,Ralentissement,False
2019Q1,0.518,1.934,1,0,Ralentissement,False
2019Q2,0.683,2.242,1,0,Ralentissement,False
2019Q3,1.146,2.797,1,0,Ralentissement,False
2019Q4,1.131,3.352,1,0,Ralentissement,False
2020Q1,-0.724,1.359,0,0,Decrochage,False
2020Q2,-8.713,-7.399,0,0,Decrochage,False
2020Q3,-1.556,-1.365,0,1,Reprise,False
2020Q4,-0.756,-0.922,0,1,Reprise,False
2021Q1,0.235,1.801,0,1,Reprise,False
2021Q2,1.408,12.386,1,0,Ralentissement,False
2021Q3,1.666,5.151,1,0,Ralentissement,False
2021Q4,2.653,5.756,1,0,Ralentissement,False
2022Q1,1.736,4.035,1,0,Ralentissement,False
2022Q2,1.27,2.454,1,0,Ralentissement,False
2022Q3,1.392,2.349,1,0,Ralentissement,False
2022Q4,1.475,1.317,1,0,Ralentissement,False
2023Q1,1.418,2.311,1,1,Explosion,False
2023Q2,0.534,2.793,1,1,Explosion,False
2023Q3,0.714,3.233,1,1,Explosion,False
2023Q4,0.629,3.391,1,1,Explosion,False
2024Q1,0.031,2.863,1,1,Explosion,False
2024Q2,0.193,3.127,1,1,Explosion,False
2024Q3,0.318,2.791,1,1,Explosion,False
2024Q4,0.207,2.4,1,1,Explosion,False
2025Q1,-0.519,2.019,1,1,Explosion,False
2025Q2,-0.165,2.08,1,1,Explosion,False
2025Q3,0.295,2.335,1,1,Explosion,False
2025Q4,-0.149,1.989,1,1,Explosion,False
2026Q1,-0.196,2.685,1,1,Explosion,True
2026Q2,-0.345,2.098,1,1,Explosion,True
